Strategy,Algorithm,Problem,Run,Score
RANDOM,BIPOP,prob1,1,37.378704440695984
RANDOM,BIPOP,prob1,2,37.384546498688586
RANDOM,BIPOP,prob1,3,38.389462369918554
RANDOM,BIPOP,prob2,1,31.480946144744482
RANDOM,BIPOP,prob2,2,31.480946144745438
RANDOM,BIPOP,prob2,3,31.48094661295954
RANDOM,BIPOP,prob3,1,28.337220335156196
RANDOM,BIPOP,prob3,2,28.721057899411132
RANDOM,BIPOP,prob3,3,28.219395471356016
RANDOM,BIPOP,prob4,1,5608.594680076596
RANDOM,BIPOP,prob4,2,3067.2512999567703
RANDOM,BIPOP,prob4,3,5667.924873012873
RANDOM,L-SHADE,prob1,1,38.38786658328073
RANDOM,L-SHADE,prob1,2,37.356304096072726
RANDOM,L-SHADE,prob1,3,37.367969326117894
RANDOM,L-SHADE,prob2,1,31.48094614474408
RANDOM,L-SHADE,prob2,2,31.480946144744024
RANDOM,L-SHADE,prob2,3,31.480946144744067
RANDOM,L-SHADE,prob3,1,28.826820989268086
RANDOM,L-SHADE,prob3,2,28.74533996161354
RANDOM,L-SHADE,prob3,3,28.304633857718386
RANDOM,L-SHADE,prob4,1,5418.860147705651
RANDOM,L-SHADE,prob4,2,5418.860147407665
RANDOM,L-SHADE,prob4,3,5418.860147622301
RANDOM,CLPSO,prob1,1,36.691147639356885
RANDOM,CLPSO,prob1,2,36.599357533562326
RANDOM,CLPSO,prob1,3,36.5548788904272
RANDOM,CLPSO,prob2,1,31.541707783244473
RANDOM,CLPSO,prob2,2,31.64966555206518
RANDOM,CLPSO,prob2,3,31.64489419294772
RANDOM,CLPSO,prob3,1,32.651402034786905
RANDOM,CLPSO,prob3,2,32.53891918223126
RANDOM,CLPSO,prob3,3,36.0121479349744
RANDOM,CLPSO,prob4,1,5495.882363348704
RANDOM,CLPSO,prob4,2,5465.119874608874
RANDOM,CLPSO,prob4,3,5463.2259039641785
CENTER_LINE,BIPOP,prob1,1,37.38928577235948
CENTER_LINE,BIPOP,prob1,2,38.38986407774601
CENTER_LINE,BIPOP,prob1,3,37.35841586706599
CENTER_LINE,BIPOP,prob2,1,31.480946647802245
CENTER_LINE,BIPOP,prob2,2,31.480946144744475
CENTER_LINE,BIPOP,prob2,3,31.480946144744532
CENTER_LINE,BIPOP,prob3,1,29.462989009918825
CENTER_LINE,BIPOP,prob3,2,29.402071330573868
CENTER_LINE,BIPOP,prob3,3,30.147035169983003
CENTER_LINE,BIPOP,prob4,1,5462.339281134729
CENTER_LINE,BIPOP,prob4,2,3035.3456461106766
CENTER_LINE,BIPOP,prob4,3,5553.264457875265
CENTER_LINE,L-SHADE,prob1,1,38.38660523058524
CENTER_LINE,L-SHADE,prob1,2,36.3365001637645
CENTER_LINE,L-SHADE,prob1,3,37.35671613953594
CENTER_LINE,L-SHADE,prob2,1,31.480946144744095
CENTER_LINE,L-SHADE,prob2,2,31.48094614474404
CENTER_LINE,L-SHADE,prob2,3,31.480946144744085
CENTER_LINE,L-SHADE,prob3,1,34.59863025632322
CENTER_LINE,L-SHADE,prob3,2,28.744507223146393
CENTER_LINE,L-SHADE,prob3,3,29.127770329465676
CENTER_LINE,L-SHADE,prob4,1,5418.906646393787
CENTER_LINE,L-SHADE,prob4,2,5418.860150411982
CENTER_LINE,L-SHADE,prob4,3,5418.860148764324
CENTER_LINE,CLPSO,prob1,1,36.620844473676634
CENTER_LINE,CLPSO,prob1,2,36.61322869805769
CENTER_LINE,CLPSO,prob1,3,36.61411323607208
CENTER_LINE,CLPSO,prob2,1,31.584017137432017
CENTER_LINE,CLPSO,prob2,2,31.60984613215804
CENTER_LINE,CLPSO,prob2,3,31.58410304716067
CENTER_LINE,CLPSO,prob3,1,34.32649280058301
CENTER_LINE,CLPSO,prob3,2,32.412277971771715
CENTER_LINE,CLPSO,prob3,3,34.02173214709209
CENTER_LINE,CLPSO,prob4,1,5455.6002669319805
CENTER_LINE,CLPSO,prob4,2,5434.717819778008
CENTER_LINE,CLPSO,prob4,3,5442.806996260778
ASTAR_PATH,BIPOP,prob1,1,37.3577882639592
ASTAR_PATH,BIPOP,prob1,2,38.3896115890074
ASTAR_PATH,BIPOP,prob1,3,37.36163468815986
ASTAR_PATH,BIPOP,prob2,1,31.481245930517225
ASTAR_PATH,BIPOP,prob2,2,31.480946144744582
ASTAR_PATH,BIPOP,prob2,3,31.48094614474451
ASTAR_PATH,BIPOP,prob3,1,29.333534717337482
ASTAR_PATH,BIPOP,prob3,2,29.413303641496242
ASTAR_PATH,BIPOP,prob3,3,28.373081286615612
ASTAR_PATH,BIPOP,prob4,1,5578.045368749613
ASTAR_PATH,BIPOP,prob4,2,5265.099216050255
ASTAR_PATH,BIPOP,prob4,3,5461.287639791892
ASTAR_PATH,L-SHADE,prob1,1,38.38703154152773
ASTAR_PATH,L-SHADE,prob1,2,36.32558921228496
ASTAR_PATH,L-SHADE,prob1,3,37.36335942015454
ASTAR_PATH,L-SHADE,prob2,1,31.480946144744085
ASTAR_PATH,L-SHADE,prob2,2,31.4809461447441
ASTAR_PATH,L-SHADE,prob2,3,31.48094614474408
ASTAR_PATH,L-SHADE,prob3,1,28.794104537569023
ASTAR_PATH,L-SHADE,prob3,2,32.73215802152727
ASTAR_PATH,L-SHADE,prob3,3,33.67072935034288
ASTAR_PATH,L-SHADE,prob4,1,5767.947892560683
ASTAR_PATH,L-SHADE,prob4,2,5418.8601473400495
ASTAR_PATH,L-SHADE,prob4,3,5418.860147831011
ASTAR_PATH,CLPSO,prob1,1,36.53065488095443
ASTAR_PATH,CLPSO,prob1,2,36.64324722649031
ASTAR_PATH,CLPSO,prob1,3,36.547614712713674
ASTAR_PATH,CLPSO,prob2,1,31.65928668736881
ASTAR_PATH,CLPSO,prob2,2,31.69807421434395
ASTAR_PATH,CLPSO,prob2,3,31.739377782237195
ASTAR_PATH,CLPSO,prob3,1,34.10544093148926
ASTAR_PATH,CLPSO,prob3,2,32.560833616032674
ASTAR_PATH,CLPSO,prob3,3,32.31196831113466
ASTAR_PATH,CLPSO,prob4,1,5462.127592817476
ASTAR_PATH,CLPSO,prob4,2,5479.222066586467
ASTAR_PATH,CLPSO,prob4,3,5461.808916338175
RANDOM,CMAES,prob1,1,37.354492679875186
RANDOM,CMAES,prob1,2,38.38958839162542
RANDOM,CMAES,prob1,3,37.38774908838476
RANDOM,CMAES,prob2,1,31.480946144744355
RANDOM,CMAES,prob2,2,31.480948582300883
RANDOM,CMAES,prob2,3,31.48094614474461
RANDOM,CMAES,prob3,1,31.471648614826854
RANDOM,CMAES,prob3,2,30.22819384854399
RANDOM,CMAES,prob3,3,28.23544198089225
RANDOM,CMAES,prob4,1,3008.7713772828665
RANDOM,CMAES,prob4,2,3121.262670017572
RANDOM,CMAES,prob4,3,2919.6965794471666
RANDOM,DE,prob1,1,36.40956958536788
RANDOM,DE,prob1,2,36.731121328769426
RANDOM,DE,prob1,3,36.40421168430396
RANDOM,DE,prob2,1,31.440326221430745
RANDOM,DE,prob2,2,31.443990844363594
RANDOM,DE,prob2,3,31.44020374763777
RANDOM,DE,prob3,1,30.101847594368362
RANDOM,DE,prob3,2,29.804220284814132
RANDOM,DE,prob3,3,29.70634140784543
RANDOM,DE,prob4,1,5381.815983131354
RANDOM,DE,prob4,2,5382.52273087846
RANDOM,DE,prob4,3,5144.197072757468
RANDOM,GA,prob1,1,36.42338011579453
RANDOM,GA,prob1,2,37.504415572838006
RANDOM,GA,prob1,3,36.467278541593174
RANDOM,GA,prob2,1,31.491662854424646
RANDOM,GA,prob2,2,31.518204816802797
RANDOM,GA,prob2,3,31.458120525308644
RANDOM,GA,prob3,1,44.62469755830742
RANDOM,GA,prob3,2,35.63776310426734
RANDOM,GA,prob3,3,41.159145410656556
RANDOM,GA,prob4,1,5388.544081654418
RANDOM,GA,prob4,2,6050.325542214763
RANDOM,GA,prob4,3,5381.963176934478
RANDOM,MultiSegment,prob1,1,36.35569383404566
RANDOM,MultiSegment,prob1,2,36.320704280115436
RANDOM,MultiSegment,prob1,3,36.3462693850786
RANDOM,MultiSegment,prob2,1,31.480946144744458
RANDOM,MultiSegment,prob2,2,31.480946144744923
RANDOM,MultiSegment,prob2,3,31.481470557957685
RANDOM,MultiSegment,prob3,1,30.23452577725288
RANDOM,MultiSegment,prob3,2,29.403245329502074
RANDOM,MultiSegment,prob3,3,29.684037647889895
RANDOM,MultiSegment,prob4,1,3133.2204993225005
RANDOM,MultiSegment,prob4,2,3112.584924745456
RANDOM,MultiSegment,prob4,3,5075.399467600365
RANDOM,SHADE,prob1,1,36.44123086304842
RANDOM,SHADE,prob1,2,36.469946924426225
RANDOM,SHADE,prob1,3,36.5933800522272
RANDOM,SHADE,prob2,1,31.440202605775035
RANDOM,SHADE,prob2,2,31.440202605775156
RANDOM,SHADE,prob2,3,31.44020260577512
RANDOM,SHADE,prob3,1,28.230514124912798
RANDOM,SHADE,prob3,2,28.746540206715714
RANDOM,SHADE,prob3,3,28.66185716869131
RANDOM,SHADE,prob4,1,5618.95784093112
RANDOM,SHADE,prob4,2,5443.489968699513
RANDOM,SHADE,prob4,3,5381.814894770396
RANDOM,BipopAdaptif,prob1,1,37.377278746285604
RANDOM,BipopAdaptif,prob1,2,37.37951665704157
RANDOM,BipopAdaptif,prob1,3,38.10966222309381
RANDOM,BipopAdaptif,prob2,1,31.480955803999453
RANDOM,BipopAdaptif,prob2,2,31.480951471165163
RANDOM,BipopAdaptif,prob2,3,31.48094698253811
RANDOM,BipopAdaptif,prob3,1,28.746518122484815
RANDOM,BipopAdaptif,prob3,2,31.062584536090206
RANDOM,BipopAdaptif,prob3,3,29.120636619284127
RANDOM,BipopAdaptif,prob4,1,5613.765329394232
RANDOM,BipopAdaptif,prob4,2,5739.402491120544
RANDOM,BipopAdaptif,prob4,3,5782.950792403188
RANDOM,LMCMA,prob1,1,37.86040257023239
RANDOM,LMCMA,prob1,2,37.83357679384364
RANDOM,LMCMA,prob1,3,38.66348181919825
RANDOM,LMCMA,prob2,1,31.497089951737443
RANDOM,LMCMA,prob2,2,31.45983577801676
RANDOM,LMCMA,prob2,3,31.544055948013874
RANDOM,LMCMA,prob3,1,67.12911522555271
RANDOM,LMCMA,prob3,2,72.10373530884554
RANDOM,LMCMA,prob3,3,47.82107291634736
RANDOM,LMCMA,prob4,1,5427.738926392164
RANDOM,LMCMA,prob4,2,5569.006673618439
RANDOM,LMCMA,prob4,3,2966.6883058371072
RANDOM,AStarSeeds,prob1,1,36.320714448777196
RANDOM,AStarSeeds,prob1,2,36.32108355844008
RANDOM,AStarSeeds,prob1,3,36.33114309936427
RANDOM,AStarSeeds,prob2,1,31.44020260577578
RANDOM,AStarSeeds,prob2,2,31.440202605777166
RANDOM,AStarSeeds,prob2,3,31.44020260577559
RANDOM,AStarSeeds,prob3,1,29.63881601896405
RANDOM,AStarSeeds,prob3,2,29.057831709339705
RANDOM,AStarSeeds,prob3,3,28.23457746228331
RANDOM,AStarSeeds,prob4,1,5458.086675265977
RANDOM,AStarSeeds,prob4,2,5405.378979636715
RANDOM,AStarSeeds,prob4,3,5409.469545921241
RANDOM,NBIPOP,prob1,1,37.35474404779458
RANDOM,NBIPOP,prob1,2,37.43377789575041
RANDOM,NBIPOP,prob1,3,36.347588715277425
RANDOM,NBIPOP,prob2,1,31.440202605775582
RANDOM,NBIPOP,prob2,2,31.44020399900577
RANDOM,NBIPOP,prob2,3,31.440202605775376
RANDOM,NBIPOP,prob3,1,28.886252226622673
RANDOM,NBIPOP,prob3,2,28.20790538989693
RANDOM,NBIPOP,prob3,3,28.227156498040763
RANDOM,NBIPOP,prob4,1,5582.920655776375
RANDOM,NBIPOP,prob4,2,2862.85771605353
RANDOM,NBIPOP,prob4,3,5399.44850929916
RANDOM,ALConstraint,prob1,1,36.407807942762034
RANDOM,ALConstraint,prob1,2,36.34818218350276
RANDOM,ALConstraint,prob1,3,36.32883546133905
RANDOM,ALConstraint,prob2,1,31.440202605775607
RANDOM,ALConstraint,prob2,2,31.440202605791285
RANDOM,ALConstraint,prob2,3,31.440202605775667
RANDOM,ALConstraint,prob3,1,29.413830196941138
RANDOM,ALConstraint,prob3,2,30.207208208109737
RANDOM,ALConstraint,prob3,3,29.127609715964635
RANDOM,ALConstraint,prob4,1,5649.232637299363
RANDOM,ALConstraint,prob4,2,5412.05028541624
RANDOM,ALConstraint,prob4,3,5546.023404758426
RANDOM,RFSurrogate,prob1,1,36.32184171481751
RANDOM,RFSurrogate,prob1,2,36.604293734516105
RANDOM,RFSurrogate,prob1,3,37.35677487691037
RANDOM,RFSurrogate,prob2,1,31.440291236465807
RANDOM,RFSurrogate,prob2,2,31.4402026057756
RANDOM,RFSurrogate,prob2,3,31.440202605775532
RANDOM,RFSurrogate,prob3,1,28.22000063776576
RANDOM,RFSurrogate,prob3,2,28.678258993608935
RANDOM,RFSurrogate,prob3,3,28.62172894490792
RANDOM,RFSurrogate,prob4,1,3133.851006251793
RANDOM,RFSurrogate,prob4,2,5406.501390707707
RANDOM,RFSurrogate,prob4,3,5539.715935192701
RANDOM,Islands,prob1,1,36.35780618698718
RANDOM,Islands,prob1,2,36.33168204914771
RANDOM,Islands,prob1,3,36.37521821294403
RANDOM,Islands,prob2,1,31.440202605775408
RANDOM,Islands,prob2,2,31.440202605775546
RANDOM,Islands,prob2,3,31.440202605775415
RANDOM,Islands,prob3,1,28.24580623902114
RANDOM,Islands,prob3,2,29.241160972575763
RANDOM,Islands,prob3,3,28.253613163556793
RANDOM,Islands,prob4,1,5538.480270068362
RANDOM,Islands,prob4,2,5522.796047525029
RANDOM,Islands,prob4,3,5492.423735671686
RANDOM,GridBIPOP,prob1,1,38.38919939551652
RANDOM,GridBIPOP,prob1,2,36.39151130010839
RANDOM,GridBIPOP,prob1,3,37.35652344159124
RANDOM,GridBIPOP,prob2,1,31.48094614475298
RANDOM,GridBIPOP,prob2,2,31.480946144744493
RANDOM,GridBIPOP,prob2,3,31.48096915797453
RANDOM,GridBIPOP,prob3,1,29.5422490515875
RANDOM,GridBIPOP,prob3,2,29.346796815337786
RANDOM,GridBIPOP,prob3,3,28.876695786024726
RANDOM,GridBIPOP,prob4,1,5543.0733597053795
RANDOM,GridBIPOP,prob4,2,5872.534637913827
RANDOM,GridBIPOP,prob4,3,5627.886598213534
RANDOM,StochRank,prob1,1,37.38312037659252
RANDOM,StochRank,prob1,2,38.38999095228405
RANDOM,StochRank,prob1,3,37.36390828195796
RANDOM,StochRank,prob2,1,31.48112537228294
RANDOM,StochRank,prob2,2,31.480946144745445
RANDOM,StochRank,prob2,3,31.480946144744717
RANDOM,StochRank,prob3,1,29.204620029089874
RANDOM,StochRank,prob3,2,32.129649032845535
RANDOM,StochRank,prob3,3,28.223397186980854
RANDOM,StochRank,prob4,1,5782.875143436626
RANDOM,StochRank,prob4,2,5814.571008331877
RANDOM,StochRank,prob4,3,3107.960401583933
RANDOM,AStarRepair,prob1,1,37.355825198606645
RANDOM,AStarRepair,prob1,2,37.37916669720511
RANDOM,AStarRepair,prob1,3,38.39002796978785
RANDOM,AStarRepair,prob2,1,31.481136653465796
RANDOM,AStarRepair,prob2,2,31.480946144744426
RANDOM,AStarRepair,prob2,3,31.480946144744774
RANDOM,AStarRepair,prob3,1,29.87941557929972
RANDOM,AStarRepair,prob3,2,28.529191040165177
RANDOM,AStarRepair,prob3,3,29.202275576579808
RANDOM,AStarRepair,prob4,1,5585.85133503937
RANDOM,AStarRepair,prob4,2,5602.930086302428
RANDOM,AStarRepair,prob4,3,5703.426062617636
RANDOM,SepWarmup,prob1,1,38.38997211559459
RANDOM,SepWarmup,prob1,2,38.3891397484725
RANDOM,SepWarmup,prob1,3,36.36803434926844
RANDOM,SepWarmup,prob2,1,31.48100884438206
RANDOM,SepWarmup,prob2,2,31.481165647870803
RANDOM,SepWarmup,prob2,3,31.48140562238687
RANDOM,SepWarmup,prob3,1,34.919137377455236
RANDOM,SepWarmup,prob3,2,30.010045842948564
RANDOM,SepWarmup,prob3,3,30.23306153561169
RANDOM,SepWarmup,prob4,1,5419.018602451435
RANDOM,SepWarmup,prob4,2,5456.62639164247
RANDOM,SepWarmup,prob4,3,5427.344156902144
RANDOM,OptiPathFinal,prob1,1,38.39012572047504
RANDOM,OptiPathFinal,prob1,2,38.42553157144661
RANDOM,OptiPathFinal,prob1,3,37.424893320606984
RANDOM,OptiPathFinal,prob2,1,31.481042777079196
RANDOM,OptiPathFinal,prob2,2,31.48097362283455
RANDOM,OptiPathFinal,prob2,3,31.480978188527025
RANDOM,OptiPathFinal,prob3,1,29.831228037945877
RANDOM,OptiPathFinal,prob3,2,28.29241134024095
RANDOM,OptiPathFinal,prob3,3,29.198546192319103
RANDOM,OptiPathFinal,prob4,1,5586.834715110745
RANDOM,OptiPathFinal,prob4,2,5870.307899587776
RANDOM,OptiPathFinal,prob4,3,5543.419697113706
RANDOM,PSO,prob1,1,38.15093370983162
RANDOM,PSO,prob1,2,37.957744743442234
RANDOM,PSO,prob1,3,36.74820315126548
RANDOM,PSO,prob2,1,31.48264569188735
RANDOM,PSO,prob2,2,31.50323729191596
RANDOM,PSO,prob2,3,31.6183129089965
RANDOM,PSO,prob3,1,48.15450771934417
RANDOM,PSO,prob3,2,41.11823531822077
RANDOM,PSO,prob3,3,49.23079800309351
RANDOM,PSO,prob4,1,3973.179493880175
RANDOM,PSO,prob4,2,3552.0971826198133
RANDOM,PSO,prob4,3,2694.015715181351
RANDOM,FPSO,prob1,1,38.249194272112916
RANDOM,FPSO,prob1,2,37.408419558562535
RANDOM,FPSO,prob1,3,37.266926872165044
RANDOM,FPSO,prob2,1,31.772535997751564
RANDOM,FPSO,prob2,2,31.718064974855327
RANDOM,FPSO,prob2,3,31.873066748091144
RANDOM,FPSO,prob3,1,46.80242533226261
RANDOM,FPSO,prob3,2,44.68906609687813
RANDOM,FPSO,prob3,3,41.45625369828997
RANDOM,FPSO,prob4,1,2784.423274553205
RANDOM,FPSO,prob4,2,2860.569752761417
RANDOM,FPSO,prob4,3,2499.283495719601
CENTER_LINE,CMAES,prob1,1,37.37788802853036
CENTER_LINE,CMAES,prob1,2,38.38835692023357
CENTER_LINE,CMAES,prob1,3,36.32448776434402
CENTER_LINE,CMAES,prob2,1,31.770157637168865
CENTER_LINE,CMAES,prob2,2,31.480946144744628
CENTER_LINE,CMAES,prob2,3,31.48094665899897
CENTER_LINE,CMAES,prob3,1,30.295995961868137
CENTER_LINE,CMAES,prob3,2,28.221865081933583
CENTER_LINE,CMAES,prob3,3,29.930476312131763
CENTER_LINE,CMAES,prob4,1,5777.475243709777
CENTER_LINE,CMAES,prob4,2,5833.260020950326
CENTER_LINE,CMAES,prob4,3,5577.316544896685
CENTER_LINE,DE,prob1,1,36.43262978198551
CENTER_LINE,DE,prob1,2,36.39227304214379
CENTER_LINE,DE,prob1,3,37.37887680864414
CENTER_LINE,DE,prob2,1,31.466966589345095
CENTER_LINE,DE,prob2,2,31.441056367765032
CENTER_LINE,DE,prob2,3,31.471628653240753
CENTER_LINE,DE,prob3,1,29.70854195806784
CENTER_LINE,DE,prob3,2,29.431292136410157
CENTER_LINE,DE,prob3,3,30.03755917969228
CENTER_LINE,DE,prob4,1,5381.8303017977905
CENTER_LINE,DE,prob4,2,5144.157322981209
CENTER_LINE,DE,prob4,3,5149.152238004817
CENTER_LINE,GA,prob1,1,37.988603299082335
CENTER_LINE,GA,prob1,2,36.44705837577264
CENTER_LINE,GA,prob1,3,37.549838451087986
CENTER_LINE,GA,prob2,1,31.488783974228625
CENTER_LINE,GA,prob2,2,31.501872389340654
CENTER_LINE,GA,prob2,3,31.506451705889372
CENTER_LINE,GA,prob3,1,44.95763534644176
CENTER_LINE,GA,prob3,2,34.08016461645959
CENTER_LINE,GA,prob3,3,37.44706427661249
CENTER_LINE,GA,prob4,1,5879.849968631564
CENTER_LINE,GA,prob4,2,5144.243076963138
CENTER_LINE,GA,prob4,3,5144.208271384398
CENTER_LINE,MultiSegment,prob1,1,36.34714813124685
CENTER_LINE,MultiSegment,prob1,2,37.35690586188771
CENTER_LINE,MultiSegment,prob1,3,38.38958572710526
CENTER_LINE,MultiSegment,prob2,1,31.48094614474438
CENTER_LINE,MultiSegment,prob2,2,31.48109429681641
CENTER_LINE,MultiSegment,prob2,3,31.482381327987312
CENTER_LINE,MultiSegment,prob3,1,29.709607747347686
CENTER_LINE,MultiSegment,prob3,2,29.13487115596681
CENTER_LINE,MultiSegment,prob3,3,28.763198849176565
CENTER_LINE,MultiSegment,prob4,1,3108.8212454312034
CENTER_LINE,MultiSegment,prob4,2,3116.5914421762413
CENTER_LINE,MultiSegment,prob4,3,3082.481047974061
CENTER_LINE,SHADE,prob1,1,36.619170207858346
CENTER_LINE,SHADE,prob1,2,36.61845876858435
CENTER_LINE,SHADE,prob1,3,36.45755537062798
CENTER_LINE,SHADE,prob2,1,31.440202605775184
CENTER_LINE,SHADE,prob2,2,31.44020260577513
CENTER_LINE,SHADE,prob2,3,31.44020260577516
CENTER_LINE,SHADE,prob3,1,28.7913414912551
CENTER_LINE,SHADE,prob3,2,28.44685444996692
CENTER_LINE,SHADE,prob3,3,29.698048591010018
CENTER_LINE,SHADE,prob4,1,5144.1572354943755
CENTER_LINE,SHADE,prob4,2,5381.8148947704
CENTER_LINE,SHADE,prob4,3,5381.814894770406
CENTER_LINE,BipopAdaptif,prob1,1,37.44409717146383
CENTER_LINE,BipopAdaptif,prob1,2,37.366296696456835
CENTER_LINE,BipopAdaptif,prob1,3,36.341184078186785
CENTER_LINE,BipopAdaptif,prob2,1,31.481000555727604
CENTER_LINE,BipopAdaptif,prob2,2,31.480946384393995
CENTER_LINE,BipopAdaptif,prob2,3,31.480952727584068
CENTER_LINE,BipopAdaptif,prob3,1,29.53645326130448
CENTER_LINE,BipopAdaptif,prob3,2,28.226264538578416
CENTER_LINE,BipopAdaptif,prob3,3,29.50008160053472
CENTER_LINE,BipopAdaptif,prob4,1,3019.0243755619736
CENTER_LINE,BipopAdaptif,prob4,2,5735.657285807511
CENTER_LINE,BipopAdaptif,prob4,3,3160.1144416053426
CENTER_LINE,LMCMA,prob1,1,38.53302158428602
CENTER_LINE,LMCMA,prob1,2,37.6698867776741
CENTER_LINE,LMCMA,prob1,3,36.76946616090314
CENTER_LINE,LMCMA,prob2,1,31.563829436663593
CENTER_LINE,LMCMA,prob2,2,31.53759234270843
CENTER_LINE,LMCMA,prob2,3,31.603591856466526
CENTER_LINE,LMCMA,prob3,1,49.94271592264255
CENTER_LINE,LMCMA,prob3,2,105.51840690216149
CENTER_LINE,LMCMA,prob3,3,45.729225157827095
CENTER_LINE,LMCMA,prob4,1,5615.166812061366
CENTER_LINE,LMCMA,prob4,2,3904.0437533360973
CENTER_LINE,LMCMA,prob4,3,5395.276528445442
CENTER_LINE,AStarSeeds,prob1,1,36.39787813046773
CENTER_LINE,AStarSeeds,prob1,2,36.323699046737445
CENTER_LINE,AStarSeeds,prob1,3,36.34412930771228
CENTER_LINE,AStarSeeds,prob2,1,31.44020302296687
CENTER_LINE,AStarSeeds,prob2,2,31.44020260577568
CENTER_LINE,AStarSeeds,prob2,3,31.44020260577903
CENTER_LINE,AStarSeeds,prob3,1,28.216394510564374
CENTER_LINE,AStarSeeds,prob3,2,31.556737459509883
CENTER_LINE,AStarSeeds,prob3,3,29.09638234571287
CENTER_LINE,AStarSeeds,prob4,1,2804.750696803461
CENTER_LINE,AStarSeeds,prob4,2,5463.32039114865
CENTER_LINE,AStarSeeds,prob4,3,2746.444345957434
CENTER_LINE,NBIPOP,prob1,1,37.35651083109129
CENTER_LINE,NBIPOP,prob1,2,38.389728838832575
CENTER_LINE,NBIPOP,prob1,3,37.362819157464145
CENTER_LINE,NBIPOP,prob2,1,31.440202605775543
CENTER_LINE,NBIPOP,prob2,2,31.440202605776182
CENTER_LINE,NBIPOP,prob2,3,31.440202605775642
CENTER_LINE,NBIPOP,prob3,1,28.23440157359433
CENTER_LINE,NBIPOP,prob3,2,28.50530430571426
CENTER_LINE,NBIPOP,prob3,3,28.47353274336313
CENTER_LINE,NBIPOP,prob4,1,5194.893082823003
CENTER_LINE,NBIPOP,prob4,2,5434.996342613184
CENTER_LINE,NBIPOP,prob4,3,3049.901174133944
CENTER_LINE,ALConstraint,prob1,1,36.34354195195386
CENTER_LINE,ALConstraint,prob1,2,36.3515103129008
CENTER_LINE,ALConstraint,prob1,3,43.612396197072435
CENTER_LINE,ALConstraint,prob2,1,31.44020260577624
CENTER_LINE,ALConstraint,prob2,2,31.44020260577558
CENTER_LINE,ALConstraint,prob2,3,31.44020260577542
CENTER_LINE,ALConstraint,prob3,1,28.838574036653917
CENTER_LINE,ALConstraint,prob3,2,28.992105080549585
CENTER_LINE,ALConstraint,prob3,3,28.800847169250122
CENTER_LINE,ALConstraint,prob4,1,5657.065086858992
CENTER_LINE,ALConstraint,prob4,2,5466.952235449341
CENTER_LINE,ALConstraint,prob4,3,4290.377486521044
CENTER_LINE,RFSurrogate,prob1,1,36.367812241503714
CENTER_LINE,RFSurrogate,prob1,2,36.330350084641935
CENTER_LINE,RFSurrogate,prob1,3,37.37721119440508
CENTER_LINE,RFSurrogate,prob2,1,31.440217194895826
CENTER_LINE,RFSurrogate,prob2,2,31.440202605775504
CENTER_LINE,RFSurrogate,prob2,3,31.44020260577572
CENTER_LINE,RFSurrogate,prob3,1,29.536241397379072
CENTER_LINE,RFSurrogate,prob3,2,28.236512516926986
CENTER_LINE,RFSurrogate,prob3,3,28.36881325309779
CENTER_LINE,RFSurrogate,prob4,1,4024.103617185934
CENTER_LINE,RFSurrogate,prob4,2,5546.848870299639
CENTER_LINE,RFSurrogate,prob4,3,2742.257392662557
CENTER_LINE,Islands,prob1,1,37.357215844644784
CENTER_LINE,Islands,prob1,2,36.45071540461555
CENTER_LINE,Islands,prob1,3,36.352178927305665
CENTER_LINE,Islands,prob2,1,31.440202605775518
CENTER_LINE,Islands,prob2,2,31.440202605775465
CENTER_LINE,Islands,prob2,3,31.440202605775387
CENTER_LINE,Islands,prob3,1,28.574463337956654
CENTER_LINE,Islands,prob3,2,28.21708130418888
CENTER_LINE,Islands,prob3,3,28.83650421845775
CENTER_LINE,Islands,prob4,1,5433.828102118628
CENTER_LINE,Islands,prob4,2,5432.951670032675
CENTER_LINE,Islands,prob4,3,5450.55583641674
CENTER_LINE,GridBIPOP,prob1,1,37.38266473939032
CENTER_LINE,GridBIPOP,prob1,2,36.34009846664592
CENTER_LINE,GridBIPOP,prob1,3,38.38929846052091
CENTER_LINE,GridBIPOP,prob2,1,31.48095689544591
CENTER_LINE,GridBIPOP,prob2,2,31.480947107608976
CENTER_LINE,GridBIPOP,prob2,3,31.480946144744635
CENTER_LINE,GridBIPOP,prob3,1,30.175058326997714
CENTER_LINE,GridBIPOP,prob3,2,31.118660831122288
CENTER_LINE,GridBIPOP,prob3,3,28.245885287586127
CENTER_LINE,GridBIPOP,prob4,1,5436.81123153146
CENTER_LINE,GridBIPOP,prob4,2,5819.826551901232
CENTER_LINE,GridBIPOP,prob4,3,3004.7133935457077
CENTER_LINE,StochRank,prob1,1,38.388826071693195
CENTER_LINE,StochRank,prob1,2,36.342734783045955
CENTER_LINE,StochRank,prob1,3,36.387723560451704
CENTER_LINE,StochRank,prob2,1,31.48094614474539
CENTER_LINE,StochRank,prob2,2,31.48099459325976
CENTER_LINE,StochRank,prob2,3,31.480947424288587
CENTER_LINE,StochRank,prob3,1,28.301716578386863
CENTER_LINE,StochRank,prob3,2,29.78063727063019
CENTER_LINE,StochRank,prob3,3,30.20676283184445
CENTER_LINE,StochRank,prob4,1,3113.4659567242293
CENTER_LINE,StochRank,prob4,2,2941.26790801268
CENTER_LINE,StochRank,prob4,3,5459.586168151316
CENTER_LINE,AStarRepair,prob1,1,38.390441845035134
CENTER_LINE,AStarRepair,prob1,2,37.356934608707185
CENTER_LINE,AStarRepair,prob1,3,38.388934482617714
CENTER_LINE,AStarRepair,prob2,1,31.480946144744827
CENTER_LINE,AStarRepair,prob2,2,31.480947043345413
CENTER_LINE,AStarRepair,prob2,3,31.480946164846745
CENTER_LINE,AStarRepair,prob3,1,29.381316113480835
CENTER_LINE,AStarRepair,prob3,2,29.223336787063992
CENTER_LINE,AStarRepair,prob3,3,28.896701200899166
CENTER_LINE,AStarRepair,prob4,1,5634.95484065594
CENTER_LINE,AStarRepair,prob4,2,3023.0080489198403
CENTER_LINE,AStarRepair,prob4,3,5831.148470895307
CENTER_LINE,SepWarmup,prob1,1,37.356708694735076
CENTER_LINE,SepWarmup,prob1,2,38.39011247850343
CENTER_LINE,SepWarmup,prob1,3,37.44046638084401
CENTER_LINE,SepWarmup,prob2,1,31.480956228593623
CENTER_LINE,SepWarmup,prob2,2,31.48147241837731
CENTER_LINE,SepWarmup,prob2,3,31.48628060186845
CENTER_LINE,SepWarmup,prob3,1,32.615557373761305
CENTER_LINE,SepWarmup,prob3,2,32.03529787257186
CENTER_LINE,SepWarmup,prob3,3,32.395695627866495
CENTER_LINE,SepWarmup,prob4,1,5441.645411359951
CENTER_LINE,SepWarmup,prob4,2,5425.11008601672
CENTER_LINE,SepWarmup,prob4,3,5768.783843558175
CENTER_LINE,OptiPathFinal,prob1,1,36.345066380901535
CENTER_LINE,OptiPathFinal,prob1,2,38.42261062227869
CENTER_LINE,OptiPathFinal,prob1,3,38.39077669533018
CENTER_LINE,OptiPathFinal,prob2,1,31.48114405971085
CENTER_LINE,OptiPathFinal,prob2,2,31.480952409432856
CENTER_LINE,OptiPathFinal,prob2,3,31.481177267622407
CENTER_LINE,OptiPathFinal,prob3,1,28.598391995257703
CENTER_LINE,OptiPathFinal,prob3,2,28.81011394852428
CENTER_LINE,OptiPathFinal,prob3,3,29.92169913639147
CENTER_LINE,OptiPathFinal,prob4,1,3114.3176206186204
CENTER_LINE,OptiPathFinal,prob4,2,5547.083880185005
CENTER_LINE,OptiPathFinal,prob4,3,3118.444273916545
CENTER_LINE,PSO,prob1,1,37.04795394648728
CENTER_LINE,PSO,prob1,2,36.69120934322096
CENTER_LINE,PSO,prob1,3,36.704933387483784
CENTER_LINE,PSO,prob2,1,31.44983802037174
CENTER_LINE,PSO,prob2,2,31.49027215693983
CENTER_LINE,PSO,prob2,3,31.448039156621398
CENTER_LINE,PSO,prob3,1,37.95873650685089
CENTER_LINE,PSO,prob3,2,36.4996129013221
CENTER_LINE,PSO,prob3,3,39.08411264323967
CENTER_LINE,PSO,prob4,1,2552.948249544686
CENTER_LINE,PSO,prob4,2,2203.522093217762
CENTER_LINE,PSO,prob4,3,4495.046199137955
CENTER_LINE,FPSO,prob1,1,37.388822775951105
CENTER_LINE,FPSO,prob1,2,36.934771618284095
CENTER_LINE,FPSO,prob1,3,36.71494374475894
CENTER_LINE,FPSO,prob2,1,31.800418552948535
CENTER_LINE,FPSO,prob2,2,31.9072952819941
CENTER_LINE,FPSO,prob2,3,31.751301253049103
CENTER_LINE,FPSO,prob3,1,46.981316536796044
CENTER_LINE,FPSO,prob3,2,47.34070257699321
CENTER_LINE,FPSO,prob3,3,43.16356266468194
CENTER_LINE,FPSO,prob4,1,2780.7353801949184
CENTER_LINE,FPSO,prob4,2,4068.6541339521173
CENTER_LINE,FPSO,prob4,3,4072.5113023687077
ASTAR_PATH,CMAES,prob1,1,37.35690145040086
ASTAR_PATH,CMAES,prob1,2,38.389535705725194
ASTAR_PATH,CMAES,prob1,3,37.04556045040025
ASTAR_PATH,CMAES,prob2,1,31.48116972427793
ASTAR_PATH,CMAES,prob2,2,31.480946144747413
ASTAR_PATH,CMAES,prob2,3,31.480946144744507
ASTAR_PATH,CMAES,prob3,1,29.77653184221067
ASTAR_PATH,CMAES,prob3,2,28.903160447045007
ASTAR_PATH,CMAES,prob3,3,29.29849310210686
ASTAR_PATH,CMAES,prob4,1,5016.468246284919
ASTAR_PATH,CMAES,prob4,2,5878.603121873491
ASTAR_PATH,CMAES,prob4,3,5718.843449596776
ASTAR_PATH,DE,prob1,1,36.43960820392033
ASTAR_PATH,DE,prob1,2,36.36608256854813
ASTAR_PATH,DE,prob1,3,36.43369395687839
ASTAR_PATH,DE,prob2,1,31.46523126843392
ASTAR_PATH,DE,prob2,2,31.48801866681744
ASTAR_PATH,DE,prob2,3,31.44020400951907
ASTAR_PATH,DE,prob3,1,29.702738864578237
ASTAR_PATH,DE,prob3,2,29.975030570367643
ASTAR_PATH,DE,prob3,3,30.236463223248343
ASTAR_PATH,DE,prob4,1,5144.157383682752
ASTAR_PATH,DE,prob4,2,5381.8218832370785
ASTAR_PATH,DE,prob4,3,5144.568096547538
ASTAR_PATH,GA,prob1,1,36.58046145661434
ASTAR_PATH,GA,prob1,2,37.69864263063805
ASTAR_PATH,GA,prob1,3,36.53591844772284
ASTAR_PATH,GA,prob2,1,31.46233811999714
ASTAR_PATH,GA,prob2,2,31.476375954516303
ASTAR_PATH,GA,prob2,3,31.528815651371158
ASTAR_PATH,GA,prob3,1,41.03695343949589
ASTAR_PATH,GA,prob3,2,29.558616613979556
ASTAR_PATH,GA,prob3,3,32.84251583925712
ASTAR_PATH,GA,prob4,1,2620.686909435681
ASTAR_PATH,GA,prob4,2,5145.536694671844
ASTAR_PATH,GA,prob4,3,5144.216700455872
ASTAR_PATH,MultiSegment,prob1,1,37.381169276434875
ASTAR_PATH,MultiSegment,prob1,2,36.34890329498275
ASTAR_PATH,MultiSegment,prob1,3,38.39059089427271
ASTAR_PATH,MultiSegment,prob2,1,31.570455422010077
ASTAR_PATH,MultiSegment,prob2,2,31.480946144744557
ASTAR_PATH,MultiSegment,prob2,3,31.518768482712318
ASTAR_PATH,MultiSegment,prob3,1,28.771798092856653
ASTAR_PATH,MultiSegment,prob3,2,29.431589500723927
ASTAR_PATH,MultiSegment,prob3,3,28.213820543184855
ASTAR_PATH,MultiSegment,prob4,1,3027.5644062454035
ASTAR_PATH,MultiSegment,prob4,2,3835.5382097383144
ASTAR_PATH,MultiSegment,prob4,3,5759.406087859105
ASTAR_PATH,SHADE,prob1,1,37.35913847552337
ASTAR_PATH,SHADE,prob1,2,36.48229879656788
ASTAR_PATH,SHADE,prob1,3,36.32595085484787
ASTAR_PATH,SHADE,prob2,1,31.44020260577517
ASTAR_PATH,SHADE,prob2,2,31.440202605775124
ASTAR_PATH,SHADE,prob2,3,31.440202605775216
ASTAR_PATH,SHADE,prob3,1,28.225918660585098
ASTAR_PATH,SHADE,prob3,2,29.762128664389014
ASTAR_PATH,SHADE,prob3,3,28.22072080486285
ASTAR_PATH,SHADE,prob4,1,5381.814894770393
ASTAR_PATH,SHADE,prob4,2,5144.157235494378
ASTAR_PATH,SHADE,prob4,3,5680.892891632211
ASTAR_PATH,BipopAdaptif,prob1,1,38.38929438365304
ASTAR_PATH,BipopAdaptif,prob1,2,37.50568949105447
ASTAR_PATH,BipopAdaptif,prob1,3,37.43112487996083
ASTAR_PATH,BipopAdaptif,prob2,1,31.48094614475532
ASTAR_PATH,BipopAdaptif,prob2,2,31.480947304940045
ASTAR_PATH,BipopAdaptif,prob2,3,31.480950946534534
ASTAR_PATH,BipopAdaptif,prob3,1,28.832504370842084
ASTAR_PATH,BipopAdaptif,prob3,2,28.94767149274945
ASTAR_PATH,BipopAdaptif,prob3,3,28.908587075223444
ASTAR_PATH,BipopAdaptif,prob4,1,5669.9638176586095
ASTAR_PATH,BipopAdaptif,prob4,2,5450.742351565403
ASTAR_PATH,BipopAdaptif,prob4,3,5808.153182791537
ASTAR_PATH,LMCMA,prob1,1,38.26709791089936
ASTAR_PATH,LMCMA,prob1,2,37.863756982621844
ASTAR_PATH,LMCMA,prob1,3,37.69403339011932
ASTAR_PATH,LMCMA,prob2,1,31.571566915703556
ASTAR_PATH,LMCMA,prob2,2,31.443006075440938
ASTAR_PATH,LMCMA,prob2,3,31.505284930809594
ASTAR_PATH,LMCMA,prob3,1,62.767336149138785
ASTAR_PATH,LMCMA,prob3,2,37.292401470766656
ASTAR_PATH,LMCMA,prob3,3,46.157074874511025
ASTAR_PATH,LMCMA,prob4,1,3068.1202277042235
ASTAR_PATH,LMCMA,prob4,2,5481.790076027585
ASTAR_PATH,LMCMA,prob4,3,5604.569354215817
ASTAR_PATH,AStarSeeds,prob1,1,36.33162093444147
ASTAR_PATH,AStarSeeds,prob1,2,36.3214434788155
ASTAR_PATH,AStarSeeds,prob1,3,36.335609499094836
ASTAR_PATH,AStarSeeds,prob2,1,31.440202605775774
ASTAR_PATH,AStarSeeds,prob2,2,31.440202605776513
ASTAR_PATH,AStarSeeds,prob2,3,31.440202605775532
ASTAR_PATH,AStarSeeds,prob3,1,28.236392413528037
ASTAR_PATH,AStarSeeds,prob3,2,28.611133455805298
ASTAR_PATH,AStarSeeds,prob3,3,28.515032673075407
ASTAR_PATH,AStarSeeds,prob4,1,5472.014409802273
ASTAR_PATH,AStarSeeds,prob4,2,5492.8923915218065
ASTAR_PATH,AStarSeeds,prob4,3,5500.627998399346
ASTAR_PATH,NBIPOP,prob1,1,37.47602001332081
ASTAR_PATH,NBIPOP,prob1,2,37.358533353573904
ASTAR_PATH,NBIPOP,prob1,3,38.3900775508963
ASTAR_PATH,NBIPOP,prob2,1,31.44020260577601
ASTAR_PATH,NBIPOP,prob2,2,31.44020260577587
ASTAR_PATH,NBIPOP,prob2,3,31.44020260577564
ASTAR_PATH,NBIPOP,prob3,1,29.296108221674782
ASTAR_PATH,NBIPOP,prob3,2,28.22069111075006
ASTAR_PATH,NBIPOP,prob3,3,28.346676212466726
ASTAR_PATH,NBIPOP,prob4,1,5475.180674567647
ASTAR_PATH,NBIPOP,prob4,2,3291.384761642629
ASTAR_PATH,NBIPOP,prob4,3,5401.022110115333
ASTAR_PATH,ALConstraint,prob1,1,36.342268791125456
ASTAR_PATH,ALConstraint,prob1,2,36.34377241500644
ASTAR_PATH,ALConstraint,prob1,3,37.41474029179047
ASTAR_PATH,ALConstraint,prob2,1,31.440202605775745
ASTAR_PATH,ALConstraint,prob2,2,31.44020260577563
ASTAR_PATH,ALConstraint,prob2,3,31.440202605775667
ASTAR_PATH,ALConstraint,prob3,1,33.7454301607051
ASTAR_PATH,ALConstraint,prob3,2,29.587571060211364
ASTAR_PATH,ALConstraint,prob3,3,29.36231092957208
ASTAR_PATH,ALConstraint,prob4,1,5401.679898603083
ASTAR_PATH,ALConstraint,prob4,2,3071.1941094560675
ASTAR_PATH,ALConstraint,prob4,3,5423.143813807407
ASTAR_PATH,RFSurrogate,prob1,1,37.35826605311764
ASTAR_PATH,RFSurrogate,prob1,2,37.579437689665944
ASTAR_PATH,RFSurrogate,prob1,3,37.84494635089814
ASTAR_PATH,RFSurrogate,prob2,1,31.4402026057759
ASTAR_PATH,RFSurrogate,prob2,2,31.440202605775355
ASTAR_PATH,RFSurrogate,prob2,3,31.44020260581516
ASTAR_PATH,RFSurrogate,prob3,1,29.76324254607292
ASTAR_PATH,RFSurrogate,prob3,2,35.17382704106865
ASTAR_PATH,RFSurrogate,prob3,3,30.08610290626162
ASTAR_PATH,RFSurrogate,prob4,1,2800.55033207593
ASTAR_PATH,RFSurrogate,prob4,2,3160.0789247362636
ASTAR_PATH,RFSurrogate,prob4,3,5836.89322489666
ASTAR_PATH,Islands,prob1,1,37.549544347796115
ASTAR_PATH,Islands,prob1,2,37.384068023506934
ASTAR_PATH,Islands,prob1,3,37.41842452286129
ASTAR_PATH,Islands,prob2,1,31.440202605775372
ASTAR_PATH,Islands,prob2,2,31.440202681412337
ASTAR_PATH,Islands,prob2,3,31.440202605775443
ASTAR_PATH,Islands,prob3,1,29.572689126412893
ASTAR_PATH,Islands,prob3,2,28.238841848445695
ASTAR_PATH,Islands,prob3,3,28.504808735824582
ASTAR_PATH,Islands,prob4,1,2855.3015233825768
ASTAR_PATH,Islands,prob4,2,5462.2218358353875
ASTAR_PATH,Islands,prob4,3,5151.474573232027
ASTAR_PATH,GridBIPOP,prob1,1,37.37797122776185
ASTAR_PATH,GridBIPOP,prob1,2,36.3485440922196
ASTAR_PATH,GridBIPOP,prob1,3,36.34638879334994
ASTAR_PATH,GridBIPOP,prob2,1,31.480948295076978
ASTAR_PATH,GridBIPOP,prob2,2,31.48094618402942
ASTAR_PATH,GridBIPOP,prob2,3,31.480949034926773
ASTAR_PATH,GridBIPOP,prob3,1,29.705349211591557
ASTAR_PATH,GridBIPOP,prob3,2,28.239585828810778
ASTAR_PATH,GridBIPOP,prob3,3,29.722059633307943
ASTAR_PATH,GridBIPOP,prob4,1,5559.438915490347
ASTAR_PATH,GridBIPOP,prob4,2,6115.941863848424
ASTAR_PATH,GridBIPOP,prob4,3,5841.231361354043
ASTAR_PATH,StochRank,prob1,1,38.39051345284814
ASTAR_PATH,StochRank,prob1,2,38.390212622152326
ASTAR_PATH,StochRank,prob1,3,37.383468638831324
ASTAR_PATH,StochRank,prob2,1,31.480946144744753
ASTAR_PATH,StochRank,prob2,2,31.480946144744326
ASTAR_PATH,StochRank,prob2,3,31.48094614474469
ASTAR_PATH,StochRank,prob3,1,29.054091570809813
ASTAR_PATH,StochRank,prob3,2,28.286963380610555
ASTAR_PATH,StochRank,prob3,3,29.277255468317644
ASTAR_PATH,StochRank,prob4,1,5448.276249007535
ASTAR_PATH,StochRank,prob4,2,5608.206794405535
ASTAR_PATH,StochRank,prob4,3,5525.500135111881
ASTAR_PATH,AStarRepair,prob1,1,37.367303348574225
ASTAR_PATH,AStarRepair,prob1,2,36.37177429085734
ASTAR_PATH,AStarRepair,prob1,3,37.35729460913875
ASTAR_PATH,AStarRepair,prob2,1,31.48094614474449
ASTAR_PATH,AStarRepair,prob2,2,31.480946200875742
ASTAR_PATH,AStarRepair,prob2,3,31.480946144744507
ASTAR_PATH,AStarRepair,prob3,1,29.917566989141346
ASTAR_PATH,AStarRepair,prob3,2,29.07414522295334
ASTAR_PATH,AStarRepair,prob3,3,28.43032046931503
ASTAR_PATH,AStarRepair,prob4,1,3323.6226071267274
ASTAR_PATH,AStarRepair,prob4,2,5602.015712528217
ASTAR_PATH,AStarRepair,prob4,3,2907.2788020933976
ASTAR_PATH,SepWarmup,prob1,1,36.34999101423225
ASTAR_PATH,SepWarmup,prob1,2,38.38970356610676
ASTAR_PATH,SepWarmup,prob1,3,37.48608161310085
ASTAR_PATH,SepWarmup,prob2,1,31.482398380966494
ASTAR_PATH,SepWarmup,prob2,2,31.481516923108668
ASTAR_PATH,SepWarmup,prob2,3,31.483755293755422
ASTAR_PATH,SepWarmup,prob3,1,32.6952911763174
ASTAR_PATH,SepWarmup,prob3,2,33.21793553141029
ASTAR_PATH,SepWarmup,prob3,3,29.37630005423531
ASTAR_PATH,SepWarmup,prob4,1,5577.283510464195
ASTAR_PATH,SepWarmup,prob4,2,5422.395809528401
ASTAR_PATH,SepWarmup,prob4,3,5419.31833210332
ASTAR_PATH,OptiPathFinal,prob1,1,38.40201334704864
ASTAR_PATH,OptiPathFinal,prob1,2,37.38961857238552
ASTAR_PATH,OptiPathFinal,prob1,3,36.36298182559574
ASTAR_PATH,OptiPathFinal,prob2,1,31.482345970877045
ASTAR_PATH,OptiPathFinal,prob2,2,31.481887304382617
ASTAR_PATH,OptiPathFinal,prob2,3,31.483260754728892
ASTAR_PATH,OptiPathFinal,prob3,1,32.18850651726564
ASTAR_PATH,OptiPathFinal,prob3,2,28.725468876543708
ASTAR_PATH,OptiPathFinal,prob3,3,29.07475554883577
ASTAR_PATH,OptiPathFinal,prob4,1,3135.8686383624718
ASTAR_PATH,OptiPathFinal,prob4,2,3125.230001505989
ASTAR_PATH,OptiPathFinal,prob4,3,5500.100715154955
ASTAR_PATH,PSO,prob1,1,36.69561823758174
ASTAR_PATH,PSO,prob1,2,38.10722477522363
ASTAR_PATH,PSO,prob1,3,36.803643640967856
ASTAR_PATH,PSO,prob2,1,31.449097344599334
ASTAR_PATH,PSO,prob2,2,31.45830209058581
ASTAR_PATH,PSO,prob2,3,31.484222973107713
ASTAR_PATH,PSO,prob3,1,45.100744700838874
ASTAR_PATH,PSO,prob3,2,39.219348927814934
ASTAR_PATH,PSO,prob3,3,39.24272794323521
ASTAR_PATH,PSO,prob4,1,3512.310383967502
ASTAR_PATH,PSO,prob4,2,2694.752368888599
ASTAR_PATH,PSO,prob4,3,3243.32828590974
ASTAR_PATH,FPSO,prob1,1,37.88431880399603
ASTAR_PATH,FPSO,prob1,2,37.16766026107801
ASTAR_PATH,FPSO,prob1,3,36.996340782031496
ASTAR_PATH,FPSO,prob2,1,31.9120895491159
ASTAR_PATH,FPSO,prob2,2,31.728609835772648
ASTAR_PATH,FPSO,prob2,3,31.738850959824084
ASTAR_PATH,FPSO,prob3,1,55.32081993287397
ASTAR_PATH,FPSO,prob3,2,45.77035377955575
ASTAR_PATH,FPSO,prob3,3,37.14841697045495
ASTAR_PATH,FPSO,prob4,1,4104.272354131016
ASTAR_PATH,FPSO,prob4,2,2551.9218703184642
ASTAR_PATH,FPSO,prob4,3,2584.7975406320916
