Strategy,Problem,Run,Score
T0_Legacy,prob1,1,36.4301087410477
T0_Legacy,prob1,2,37.39442820417241
T0_Legacy,prob1,3,37.384071322652105
T0_Legacy,prob2,1,31.420964393966447
T0_Legacy,prob2,2,31.421363030218014
T0_Legacy,prob2,3,31.421265572715136
T0_Legacy,prob3,1,28.246758068128774
T0_Legacy,prob3,2,29.283152456829793
T0_Legacy,prob3,3,28.512380476467403
T0_Legacy,prob4,1,93.73862359734036
T0_Legacy,prob4,2,94.13163066962034
T0_Legacy,prob4,3,94.50808676055972
T1_RelativeImprv,prob1,1,36.396398583365
T1_RelativeImprv,prob1,2,36.37360885084805
T1_RelativeImprv,prob1,3,36.36451025656719
T1_RelativeImprv,prob2,1,31.420950032620567
T1_RelativeImprv,prob2,2,31.42136280772641
T1_RelativeImprv,prob2,3,31.421352818988595
T1_RelativeImprv,prob3,1,28.668556417078644
T1_RelativeImprv,prob3,2,28.346985636495553
T1_RelativeImprv,prob3,3,28.604173041147767
T1_RelativeImprv,prob4,1,93.97969435048985
T1_RelativeImprv,prob4,2,2780.3550620608257
T1_RelativeImprv,prob4,3,2778.804899670193
T2_SeedCalibrated,prob1,1,36.38410967269241
T2_SeedCalibrated,prob1,2,37.39314169188152
T2_SeedCalibrated,prob1,3,37.38235662044411
T2_SeedCalibrated,prob2,1,31.42124270544766
T2_SeedCalibrated,prob2,2,31.420929030323762
T2_SeedCalibrated,prob2,3,31.421248024361873
T2_SeedCalibrated,prob3,1,28.675721832136997
T2_SeedCalibrated,prob3,2,28.926069920309477
T2_SeedCalibrated,prob3,3,28.330818737785652
T2_SeedCalibrated,prob4,1,3387.1328245297386
T2_SeedCalibrated,prob4,2,94.47581478127925
T2_SeedCalibrated,prob4,3,2965.163236708579
T3_Percentile,prob1,1,37.38972524952381
T3_Percentile,prob1,2,36.37039244543914
T3_Percentile,prob1,3,36.358031422490804
T3_Percentile,prob2,1,31.42137243920807
T3_Percentile,prob2,2,31.421960183762554
T3_Percentile,prob2,3,31.420929788757423
T3_Percentile,prob3,1,28.77675119836914
T3_Percentile,prob3,2,28.614931090994695
T3_Percentile,prob3,3,28.2488548540446
T3_Percentile,prob4,1,94.23153879647914
T3_Percentile,prob4,2,94.0360257123163
T3_Percentile,prob4,3,2905.6691799359774
T4_TimeSlice,prob1,1,36.35514721258956
T4_TimeSlice,prob1,2,36.431339916290824
T4_TimeSlice,prob1,3,36.38150991756978
T4_TimeSlice,prob2,1,31.42120793837449
T4_TimeSlice,prob2,2,31.420974592374815
T4_TimeSlice,prob2,3,31.421087190644936
T4_TimeSlice,prob3,1,29.568299870304575
T4_TimeSlice,prob3,2,29.87701697196994
T4_TimeSlice,prob3,3,28.723009080841493
T4_TimeSlice,prob4,1,94.42661941292234
T4_TimeSlice,prob4,2,94.58716482170553
T4_TimeSlice,prob4,3,1490.0899488031578
T5_GatedSlice,prob1,1,36.39746414684818
T5_GatedSlice,prob1,2,37.40636222858684
T5_GatedSlice,prob1,3,36.37523068101845
T5_GatedSlice,prob2,1,31.42123798039887
T5_GatedSlice,prob2,2,31.42110927416614
T5_GatedSlice,prob2,3,31.421148368566836
T5_GatedSlice,prob3,1,28.96892538817012
T5_GatedSlice,prob3,2,28.30778773196659
T5_GatedSlice,prob3,3,28.681685385556385
T5_GatedSlice,prob4,1,93.89070930044863
T5_GatedSlice,prob4,2,93.82454549966116
T5_GatedSlice,prob4,3,1503.23878834786
T6_SigmaCollapse,prob1,1,36.359823965793154
T6_SigmaCollapse,prob1,2,36.335835090135795
T6_SigmaCollapse,prob1,3,37.385707211734335
T6_SigmaCollapse,prob2,1,31.421373322757578
T6_SigmaCollapse,prob2,2,31.421163560967603
T6_SigmaCollapse,prob2,3,31.42129262704822
T6_SigmaCollapse,prob3,1,28.73987928272508
T6_SigmaCollapse,prob3,2,29.431223938514183
T6_SigmaCollapse,prob3,3,28.252732923417966
T6_SigmaCollapse,prob4,1,2953.9886359288125
T6_SigmaCollapse,prob4,2,94.70862586087836
T6_SigmaCollapse,prob4,3,2993.977331705633
T7_PortfolioAgrmt,prob1,1,37.37666746827814
T7_PortfolioAgrmt,prob1,2,36.3742158942741
T7_PortfolioAgrmt,prob1,3,37.576987134304034
T7_PortfolioAgrmt,prob2,1,31.421362717044076
T7_PortfolioAgrmt,prob2,2,31.421436483436267
T7_PortfolioAgrmt,prob2,3,31.422049604727132
T7_PortfolioAgrmt,prob3,1,28.573942545542433
T7_PortfolioAgrmt,prob3,2,29.712789283969343
T7_PortfolioAgrmt,prob3,3,28.647805658891727
T7_PortfolioAgrmt,prob4,1,93.61906220320076
T7_PortfolioAgrmt,prob4,2,2175.5116192850987
T7_PortfolioAgrmt,prob4,3,2472.9500605949697
T8_Hybrid,prob1,1,36.42394906317487
T8_Hybrid,prob1,2,36.38119563021955
T8_Hybrid,prob1,3,36.362392785813334
T8_Hybrid,prob2,1,31.42127168011124
T8_Hybrid,prob2,2,31.421657735004242
T8_Hybrid,prob2,3,31.42114327692826
T8_Hybrid,prob3,1,29.527667150315835
T8_Hybrid,prob3,2,28.787623833361625
T8_Hybrid,prob3,3,29.571304816708686
T8_Hybrid,prob4,1,2932.9666204800064
T8_Hybrid,prob4,2,94.23822824203424
T8_Hybrid,prob4,3,2944.9026942532164
T14_TimePhasedFocus,prob1,1,36.52679393943426
T14_TimePhasedFocus,prob1,2,36.521758315815944
T14_TimePhasedFocus,prob1,2,37.403822925880725
T14_TimePhasedFocus,prob1,3,36.39842823790659
T14_TimePhasedFocus,prob1,3,36.375420434659674
T14_TimePhasedFocus,prob1,4,36.42467252332655
T14_TimePhasedFocus,prob1,4,36.37096560096768
T14_TimePhasedFocus,prob1,5,37.57888213721484
T14_TimePhasedFocus,prob1,5,36.65591624280459
T14_TimePhasedFocus,prob1,6,36.37675656042469
T14_TimePhasedFocus,prob1,6,36.436729127994695
T14_TimePhasedFocus,prob1,7,36.430822767137315
T14_TimePhasedFocus,prob1,7,36.36918133878601
T14_TimePhasedFocus,prob1,8,37.41054515604017
T14_TimePhasedFocus,prob1,8,36.53970116018479
T14_TimePhasedFocus,prob1,8,36.43935929260021
T14_TimePhasedFocus,prob1,9,36.400117270324166
T14_TimePhasedFocus,prob1,9,36.672211509366875
T14_TimePhasedFocus,prob1,9,37.456506644211764
T14_TimePhasedFocus,prob1,10,36.374672104257534
T14_TimePhasedFocus,prob1,10,36.48731977645211
T14_TimePhasedFocus,prob1,10,37.53951063966408
T14_TimePhasedFocus,prob2,1,31.42134698045946
T14_TimePhasedFocus,prob2,1,31.421362110860976
T14_TimePhasedFocus,prob2,1,31.421049297186432
T14_TimePhasedFocus,prob2,2,31.42135296842704
T14_TimePhasedFocus,prob2,2,31.422158109067013
T14_TimePhasedFocus,prob2,2,31.42108192257586
T14_TimePhasedFocus,prob2,3,31.421255764282954
T14_TimePhasedFocus,prob2,3,31.42098987795606
T14_TimePhasedFocus,prob2,3,31.421585121690683
T14_TimePhasedFocus,prob2,4,31.421257336871516
T14_TimePhasedFocus,prob2,4,31.421283564809915
T14_TimePhasedFocus,prob2,4,31.421132093585513
T14_TimePhasedFocus,prob2,5,31.421228836614276
T14_TimePhasedFocus,prob2,5,31.42134184798945
T14_TimePhasedFocus,prob2,5,31.421362770116975
T14_TimePhasedFocus,prob2,6,31.42135880973387
T14_TimePhasedFocus,prob2,6,31.420923435298526
T14_TimePhasedFocus,prob2,6,31.42140966618357
T14_TimePhasedFocus,prob2,7,31.421235351741473
T14_TimePhasedFocus,prob2,7,31.42124693685931
T14_TimePhasedFocus,prob2,7,31.421005038481265
T14_TimePhasedFocus,prob2,8,31.421292443279704
T14_TimePhasedFocus,prob2,8,31.42131277831592
T14_TimePhasedFocus,prob2,8,31.421362093201086
T14_TimePhasedFocus,prob2,9,31.420971281304777
T14_TimePhasedFocus,prob2,9,31.421222990515055
T14_TimePhasedFocus,prob2,9,31.422182518481634
T14_TimePhasedFocus,prob2,10,31.421199276945476
T14_TimePhasedFocus,prob2,10,31.423185402265645
T14_TimePhasedFocus,prob2,10,31.421363752959195
T14_TimePhasedFocus,prob3,1,31.957848109110714
T14_TimePhasedFocus,prob3,1,30.73988022954479
T14_TimePhasedFocus,prob3,1,30.595297468213193
T14_TimePhasedFocus,prob3,2,31.033334681848807
T14_TimePhasedFocus,prob3,2,32.47311484050544
T14_TimePhasedFocus,prob3,2,31.319763045688816
T14_TimePhasedFocus,prob3,3,33.235595500549564
T14_TimePhasedFocus,prob3,3,32.11879495087084
T14_TimePhasedFocus,prob3,3,31.390234033549877
T14_TimePhasedFocus,prob3,4,32.67776369192618
T14_TimePhasedFocus,prob3,4,30.545137393732166
T14_TimePhasedFocus,prob3,4,29.55637232505494
T14_TimePhasedFocus,prob3,5,34.33859677706945
T14_TimePhasedFocus,prob3,5,32.66140574994705
T14_TimePhasedFocus,prob3,5,30.515231652584337
T14_TimePhasedFocus,prob3,6,30.164255131693412
T14_TimePhasedFocus,prob3,6,32.23082688370587
T14_TimePhasedFocus,prob3,6,29.76877726476088
T14_TimePhasedFocus,prob3,7,31.88322273168453
T14_TimePhasedFocus,prob3,7,32.949070116991074
T14_TimePhasedFocus,prob3,7,31.447014112775886
T14_TimePhasedFocus,prob3,8,30.41786274514119
T14_TimePhasedFocus,prob3,8,30.67248084344254
T14_TimePhasedFocus,prob3,8,31.53975244642871
T14_TimePhasedFocus,prob3,9,30.65489826506282
T14_TimePhasedFocus,prob3,9,31.47253420689774
T14_TimePhasedFocus,prob3,9,30.76054542839118
T14_TimePhasedFocus,prob3,10,30.633262489353978
T14_TimePhasedFocus,prob3,10,31.207908073214682
T14_TimePhasedFocus,prob3,10,32.91602531304839
T14_TimePhasedFocus,prob4,1,3051.162474847431
T14_TimePhasedFocus,prob4,1,95.66304403184421
T14_TimePhasedFocus,prob4,1,95.16152978555895
T14_TimePhasedFocus,prob4,2,1582.2516521299326
T14_TimePhasedFocus,prob4,2,95.2696376079525
T14_TimePhasedFocus,prob4,2,94.10933859871173
T14_TimePhasedFocus,prob4,3,95.19015095759613
T14_TimePhasedFocus,prob4,3,96.88714656771143
T14_TimePhasedFocus,prob4,3,2809.5048862552326
T14_TimePhasedFocus,prob4,4,95.37007226033046
T14_TimePhasedFocus,prob4,4,1520.3625052301277
T14_TimePhasedFocus,prob4,4,96.69704460226787
T14_TimePhasedFocus,prob4,5,96.49764838746762
T14_TimePhasedFocus,prob4,5,94.05907945458173
T14_TimePhasedFocus,prob4,5,1794.872279900385
T14_TimePhasedFocus,prob4,6,96.3625536399013
T14_TimePhasedFocus,prob4,6,94.54001628013432
T14_TimePhasedFocus,prob4,6,95.50076452370533
T14_TimePhasedFocus,prob4,7,94.86161455358769
T14_TimePhasedFocus,prob4,7,2966.4070549640282
T14_TimePhasedFocus,prob4,7,95.22488832710087
T14_TimePhasedFocus,prob4,8,95.07618799552607
T14_TimePhasedFocus,prob4,8,3037.3522113409917
T14_TimePhasedFocus,prob4,8,95.35528738997918
T14_TimePhasedFocus,prob4,9,97.85605019959584
T14_TimePhasedFocus,prob4,9,2143.5956525964693
T14_TimePhasedFocus,prob4,9,3862.8558778831075
T14_TimePhasedFocus,prob4,10,95.92589657503179
T14_TimePhasedFocus,prob4,10,283.83531272593694
T14_TimePhasedFocus,prob4,10,2980.68764205093
