idx,x,y
0,1.0000000000,1.0000000000
1,0.9353136283,1.2916310874
2,0.8731514503,1.5809731656
3,0.8134746353,1.8680335314
4,0.7562447056,2.1528194637
5,0.7014235343,2.4353382240
6,0.6489733444,2.7155970573
7,0.5988567068,2.9936031919
8,0.5510365389,3.2693638403
9,0.5054761032,3.5428861998
10,0.4621390054,3.8141774526
11,0.4209891933,4.0832447666
12,0.3819909547,4.3500952955
13,0.3451089166,4.6147361796
14,0.3103080426,4.8771745459
15,0.2775536325,5.1374175089
16,0.2468113196,5.3954721708
17,0.2180470701,5.6513456217
18,0.1912271809,5.9050449404
19,0.1663182783,6.1565771948
20,0.1432873162,6.4059494418
21,0.1221015748,6.6531687282
22,0.1027286590,6.8982420910
23,0.0851364964,7.1411765574
24,0.0692933361,7.3819791456
25,0.0551677473,7.6206568649
26,0.0427286170,7.8572167163
27,0.0319451491,8.0916656925
28,0.0227868625,8.3240107784
29,0.0152235896,8.5542589517
30,0.0092254745,8.7824171826
31,0.0047629716,9.0084924348
32,0.0018068440,9.2324916653
33,0.0003281618,9.4544218251
34,0.0002983005,9.6742898590
35,0.0016889396,9.8921027066
36,0.0044720606,10.1078673019
37,0.0086199457,10.3215905738
38,0.0141051763,10.5332794467
39,0.0209006309,10.7429408404
40,0.0289794841,10.9505816704
41,0.0383152043,11.1562088483
42,0.0488815528,11.3598292819
43,0.0606525818,11.5614498756
44,0.0736026327,11.7610775307
45,0.0877063347,11.9587191452
46,0.1029386032,12.1543816145
47,0.1192746381,12.3480718315
48,0.1366899220,12.5397966867
49,0.1551602190,12.7295630685
50,0.1746615727,12.9173778634
51,0.1951703048,13.1032479563
52,0.2166630134,13.2871802304
53,0.2391165716,13.4691815677
54,0.2625081253,13.6492588491
55,0.2868150924,13.8274189545
56,0.3120151605,14.0036687632
57,0.3380862857,14.1780151537
58,0.3650066907,14.3504650042
59,0.3927548635,14.5210251927
60,0.4213095554,14.6897025970
61,0.4506497798,14.8565040950
62,0.4807548102,15.0214365647
63,0.5116041790,15.1845068848
64,0.5431776755,15.3457219342
65,0.5754553444,15.5050885925
66,0.6084174843,15.6626137401
67,0.6420446463,15.8183042583
68,0.6763176317,15.9721670295
69,0.7112174911,16.1242089370
70,0.7467255224,16.2744368657
71,0.7828232694,16.4228577016
72,0.8194925201,16.5694783324
73,0.8567153049,16.7143056471
74,0.8944738956,16.8573465368
75,0.9327508030,16.9986078939
76,0.9715287761,17.1380966131
77,1.0107907997,17.2758195909
78,1.0505200937,17.4117837258
79,1.0907001105,17.5459959184
80,1.1313145345,17.6784630717
81,1.1723472794,17.8091920908
82,1.2137824877,17.9381898833
83,1.2556045280,18.0654633591
84,1.2977979945,18.1910194307
85,1.3403477046,18.3148650131
86,1.3832386978,18.4370070238
87,1.4264562339,18.5574523832
88,1.4699857914,18.6762080141
89,1.5138130661,18.7932808424
90,1.5579239693,18.9086777966
91,1.6023046266,19.0224058080
92,1.6469413759,19.1344718110
93,1.6918207660,19.2448827427
94,1.7369295553,19.3536455432
95,1.7822547098,19.4607671557
96,1.8277834017,19.5662545263
97,1.8735030082,19.6701146042
98,1.9194011093,19.7723543415
99,1.9654654868,19.8729806937
100,2.0116841226,19.9720006189
101,2.0580451968,20.0694210788
102,2.1045370868,20.1652490378
103,2.1511483653,20.2594914638
104,2.1978677988,20.3521553274
105,2.2446843463,20.4432476027
106,2.2915871576,20.5327752668
107,2.3385655717,20.6207452998
108,2.3856091154,20.7071646850
109,2.4327075020,20.7920404089
110,2.4798506292,20.8753794610
111,2.5270285782,20.9571888339
112,2.5742316117,21.0374755233
113,2.6214501727,21.1162465279
114,2.6686748829,21.1935088496
115,2.7158965413,21.2692694932
116,2.7631061225,21.3435354664
117,2.8102947753,21.4163137801
118,2.8574538213,21.4876114480
119,2.9045747534,21.5574354867
120,2.9516492340,21.6257929158
121,2.9986690940,21.6926907576
122,3.0456263311,21.7581360375
123,3.0925131082,21.8221357833
124,3.1393217521,21.8846970258
125,3.1860447522,21.9458267985
126,3.2326747585,22.0055321374
127,3.2792045807,22.0638200814
128,3.3256271864,22.1206976716
129,3.3719357000,22.1761719520
130,3.4181234007,22.2302499688
131,3.4641837217,22.2829387708
132,3.5101102484,22.3342454090
133,3.5558967168,22.3841769371
134,3.6015370125,22.4327404105
135,3.6470251691,22.4799428874
136,3.6923553666,22.5257914277
137,3.7375219302,22.5702930937
138,3.7825193289,22.6134549495
139,3.8273421739,22.6552840613
140,3.8719852174,22.6957874972
141,3.9164433511,22.7349723272
142,3.9607116048,22.7728456231
143,4.0047851450,22.8094144581
144,4.0486592737,22.8446859075
145,4.0923294266,22.8786670478
146,4.1357911723,22.9113649573
147,4.1790402104,22.9427867155
148,4.2220723704,22.9729394034
149,4.2648836104,23.0018301032
150,4.3074700154,23.0294658984
151,4.3498277965,23.0558538735
152,4.3919532891,23.0810011143
153,4.4338429515,23.1049147073
154,4.4754933640,23.1276017400
155,4.5169012272,23.1490693009
156,4.5580633608,23.1693244789
157,4.5989767024,23.1883743639
158,4.6396383059,23.2062260462
159,4.6800453403,23.2228866165
160,4.7201950887,23.2383631660
161,4.7600849462,23.2526627864
162,4.7997124198,23.2657925694
163,4.8390751258,23.2777596068
164,4.8781707896,23.2885709908
165,4.9169972437,23.2982338131
166,4.9555524268,23.3067551658
167,4.9938343824,23.3141421404
168,5.0318412573,23.3204018282
169,5.0695713010,23.3255413203
170,5.1070228638,23.3295677070
171,5.1441943956,23.3324880783
172,5.1810844451,23.3343095235
173,5.2176916581,23.3350391310
174,5.2540147765,23.3346839884
175,5.2900526371,23.3332511825
176,5.3258041702,23.3307477989
177,5.3612683983,23.3271809222
178,5.3964444353,23.3225576355
179,5.4313314850,23.3168850210
180,5.4659288399,23.3101701592
181,5.5002358799,23.3024201290
182,5.5342520715,23.2936420079
183,5.5679769661,23.2838428716
184,5.6014101994,23.2730297941
185,5.6345514895,23.2612098472
186,5.6674006365,23.2483901009
187,5.6999575207,23.2345776232
188,5.7322221019,23.2197794797
189,5.7641944179,23.2040027337
190,5.7958745835,23.1872544463
191,5.8272627896,23.1695416758
192,5.8583593015,23.1508714781
193,5.8891644584,23.1312509063
194,5.9196786717,23.1106870108
195,5.9499024244,23.0891868390
196,5.9798362695,23.0667574353
197,6.0094808292,23.0434058410
198,6.0388367940,23.0191390943
199,6.0679049209,22.9939642299
200,6.0966860330,22.9678882792
201,6.1251810181,22.9409182701
202,6.1533908278,22.9130612268
203,6.1813164760,22.8843241698
204,6.2089590385,22.8547141160
205,6.2363196513,22.8242380780
206,6.2633995100,22.7929030646
207,6.2901998686,22.7607160806
208,6.3167220382,22.7276841262
209,6.3429673864,22.6938141977
210,6.3689373360,22.6591132867
211,6.3946333642,22.6235883803
212,6.4200570011,22.5872464611
213,6.4452098293,22.5500945068
214,6.4700934825,22.5121394904
215,6.4947096446,22.4733883798
216,6.5190600486,22.4338481380
217,6.5431464759,22.3935257230
218,6.5669707552,22.3524280871
219,6.5905347611,22.3105621777
220,6.6138404138,22.2679349367
221,6.6368896779,22.2245533001
222,6.6596845610,22.1804241988
223,6.6822271135,22.1355545574
224,6.7045194270,22.0899512952
225,6.7265636338,22.0436213250
226,6.7483619057,21.9965715540
227,6.7699164532,21.9488088830
228,6.7912295246,21.9003402068
229,6.8123034051,21.8511724135
230,6.8331404156,21.8013123851
231,6.8537429121,21.7507669968
232,6.8741132849,21.6995431173
233,6.8942539574,21.6476476085
234,6.9141673854,21.5950873256
235,6.9338560561,21.5418691166
236,6.9533224874,21.4879998228
237,6.9725692269,21.4334862780
238,6.9915988511,21.3783353089
239,7.0104139646,21.3225537352
240,7.0290171989,21.2661483686
241,7.0474112123,21.2091260138
242,7.0655986882,21.1514934674
243,7.0835823349,21.0932575188
244,7.1013648845,21.0344249492
245,7.1189490922,20.9750025320
246,7.1363377354,20.9149970327
247,7.1535336129,20.8544152085
248,7.1705395442,20.7932638087
249,7.1873583687,20.7315495740
250,7.2039929447,20.6692792369
251,7.2204461489,20.6064595215
252,7.2367208756,20.5430971431
253,7.2528200357,20.4791988085
254,7.2687465562,20.4147712157
255,7.2845033793,20.3498210540
256,7.3000934617,20.2843550034
257,7.3155197739,20.2183797353
258,7.3307852994,20.1519019116
259,7.3458930340,20.0849281854
260,7.3608459852,20.0174652000
261,7.3756471711,19.9495195898
262,7.3902996203,19.8810979794
263,7.4048063704,19.8122069838
264,7.4191704684,19.7428532086
265,7.4333949687,19.6730432495
266,7.4474829336,19.6027836922
267,7.4614374318,19.5320811128
268,7.4752615384,19.4609420771
269,7.4889583334,19.3893731410
270,7.5025309019,19.3173808500
271,7.5159823329,19.2449717395
272,7.5293157190,19.1721523344
273,7.5425341554,19.0989291493
274,7.5556407396,19.0253086881
275,7.5686385705,18.9512974443
276,7.5815307480,18.8769019003
277,7.5943203723,18.8021285281
278,7.6070105433,18.7269837887
279,7.6196043600,18.6514741320
280,7.6321049199,18.5756059969
281,7.6445153182,18.4993858114
282,7.6568386479,18.4228199921
283,7.6690779982,18.3459149442
284,7.6812364549,18.2686770617
285,7.6933170993,18.1911127270
286,7.7053230077,18.1132283112
287,7.7172572508,18.0350301734
288,7.7291228937,17.9565246614
289,7.7409229944,17.8777181109
290,7.7526606042,17.7986168459
291,7.7643387665,17.7192271784
292,7.7759605167,17.6395554083
293,7.7875288815,17.5596078237
294,7.7990468785,17.4793907000
295,7.8105175155,17.3989103008
296,7.8219437902,17.3181728772
297,7.8333286897,17.2371846678
298,7.8446751898,17.1559518988
299,7.8559862548,17.0744807838
300,7.8672648370,16.9927775237
301,7.8785138760,16.9108483068
302,7.8897362984,16.8286993085
303,7.9009350174,16.7463366912
304,7.9121129323,16.6637666047
305,7.9232729280,16.5809951853
306,7.9344178747,16.4980285566
307,7.9455506273,16.4148728288
308,7.9566740251,16.3315340989
309,7.9677908913,16.2480184506
310,7.9789040328,16.1643319541
311,7.9900162395,16.0804806661
312,8.0011302841,15.9964706301
313,8.0122489216,15.9123078754
314,8.0233748890,15.8279984181
315,8.0345109049,15.7435482602
316,8.0456596690,15.6589633901
317,8.0568238619,15.5742497820
318,8.0680061448,15.4894133965
319,8.0792091589,15.4044601798
320,8.0904355252,15.3193960640
321,8.1016878440,15.2342269673
322,8.1129686950,15.1489587932
323,8.1242806362,15.0635974312
324,8.1356262045,14.9781487562
325,8.1470079146,14.8926186287
326,8.1584282591,14.8070128946
327,8.1698897080,14.7213373851
328,8.1813947086,14.6355979168
329,8.1929456849,14.5498002917
330,8.2045450378,14.4639502966
331,8.2161951442,14.3780537036
332,8.2278983571,14.2921162698
333,8.2396570053,14.2061437374
334,8.2514733930,14.1201418332
335,8.2633497996,14.0341162691
336,8.2752884796,13.9480727416
337,8.2872916621,13.8620169318
338,8.2993615506,13.7759545057
339,8.3115003229,13.6898911136
340,8.3237101307,13.6038323903
341,8.3359930994,13.5177839552
342,8.3483513282,13.4317514118
343,8.3607868893,13.3457403481
344,8.3733018281,13.2597563361
345,8.3858981628,13.1738049321
346,8.3985778845,13.0878916764
347,8.4113429565,13.0020220934
348,8.4241953146,12.9162016912
349,8.4371368666,12.8304359622
350,8.4501694922,12.7447303822
351,8.4632950429,12.6590904109
352,8.4765153418,12.5735214917
353,8.4898321834,12.4880290516
354,8.5032473333,12.4026185010
355,8.5167625284,12.3172952341
356,8.5303794765,12.2320646281
357,8.5440998561,12.1469320438
358,8.5579253166,12.0619028252
359,8.5718574775,11.9769822996
360,8.5858979293,11.8921757773
361,8.6000482322,11.8074885517
362,8.6143099169,11.7229258993
363,8.6286844842,11.6384930795
364,8.6431734046,11.5541953344
365,8.6577781186,11.4700378893
366,8.6725000365,11.3860259517
367,8.6873405381,11.3021647124
368,8.7023009728,11.2184593442
369,8.7173826595,11.1349150029
370,8.7325868867,11.0515368264
371,8.7479149120,10.9683299354
372,8.7633679623,10.8852994327
373,8.7789472337,10.8024504032
374,8.7946538916,10.7197879144
375,8.8104890703,10.6373170157
376,8.8264538734,10.5550427385
377,8.8425493732,10.4729700964
378,8.8587766112,10.3911040848
379,8.8751365977,10.3094496810
380,8.8916303121,10.2280118441
381,8.9082587024,10.1467955148
382,8.9250226857,10.0658056157
383,8.9419231479,9.9850470508
384,8.9589609436,9.9045247056
385,8.9761368965,9.8242434473
386,8.9934517989,9.7442081241
387,9.0109064121,9.6644235659
388,9.0285014661,9.5848945835
389,9.0462376599,9.5056259691
390,9.0641156614,9.4266224959
391,9.0821361072,9.3478889181
392,9.1002996031,9.2694299710
393,9.1186067236,9.1912503706
394,9.1370580125,9.1133548139
395,9.1556539823,9.0357479785
396,9.1743951149,8.9584345228
397,9.1932818611,8.8814190855
398,9.2123146409,8.8047062863
399,9.2314938439,8.7283007250
400,9.2508198284,8.6522069819
401,9.2702929226,8.5764296176
402,9.2899134239,8.5009731729
403,9.3096815993,8.4258421687
404,9.3295976852,8.3510411063
405,9.3496618880,8.2765744666
406,9.3698743835,8.2024467106
407,9.3902353177,8.1286622793
408,9.4107448064,8.0552255932
409,9.4314029354,7.9821410528
410,9.4522097607,7.9094130380
411,9.4731653085,7.8370459085
412,9.4942695755,7.7650440031
413,9.5155225289,7.6934116403
414,9.5369241062,7.6221531179
415,9.5584742159,7.5512727129
416,9.5801727374,7.4807746813
417,9.6020195208,7.4106632584
418,9.6240143877,7.3409426584
419,9.6461571305,7.2716170745
420,9.6684475134,7.2026906786
421,9.6908852718,7.1341676215
422,9.7134701131,7.0660520325
423,9.7362017164,6.9983480198
424,9.7590797326,6.9310596697
425,9.7821037851,6.8641910473
426,9.8052734694,6.7977461958
427,9.8285883536,6.7317291368
428,9.8520479782,6.6661438700
429,9.8756518569,6.6009943732
430,9.8993994761,6.5362846022
431,9.9232902956,6.4720184908
432,9.9473237483,6.4081999504
433,9.9714992410,6.3448328703
434,9.9958161538,6.2819211176
435,10.0202738412,6.2194685366
436,10.0448716314,6.1574789494
437,10.0696088274,6.0959561554
438,10.0944847062,6.0349039311
439,10.1194985199,5.9743260305
440,10.1446494956,5.9142261844
441,10.1699368351,5.8546081009
442,10.1953597162,5.7954754649
443,10.2209172917,5.7368319380
444,10.2466086907,5.6786811588
445,10.2724330179,5.6210267424
446,10.2983893546,5.5638722803
447,10.3244767585,5.5072213407
448,10.3506942638,5.4510774681
449,10.3770408821,5.3954441831
450,10.4035156017,5.3403249826
451,10.4301173887,5.2857233395
452,10.4568451868,5.2316427026
453,10.4836979174,5.1780864968
454,10.5106744804,5.1250581224
455,10.5377737539,5.0725609556
456,10.5649945948,5.0205983480
457,10.5923358388,4.9691736269
458,10.6197963010,4.9182900947
459,10.6473747758,4.8679510290
460,10.6750700373,4.8181596828
461,10.7028808397,4.7689192839
462,10.7308059173,4.7202330351
463,10.7588439851,4.6721041141
464,10.7869937388,4.6245356730
465,10.8152538552,4.5775308389
466,10.8436229924,4.5310927131
467,10.8720997901,4.4852243715
468,10.9006828701,4.4399288639
469,10.9293708361,4.3952092148
470,10.9581622746,4.3510684221
471,10.9870557547,4.3075094582
472,11.0160498284,4.2645352690
473,11.0451430315,4.2221487741
474,11.0743338829,4.1803528669
475,11.1036208859,4.1391504139
476,11.1330025278,4.0985442552
477,11.1624772805,4.0585372042
478,11.1920436007,4.0191320473
479,11.2216999303,3.9803315437
480,11.2514446966,3.9421384258
481,11.2812763127,3.9045553985
482,11.3111931778,3.8675851395
483,11.3411936774,3.8312302988
484,11.3712761837,3.7954934990
485,11.4014390558,3.7603773348
486,11.4316806404,3.7258843731
487,11.4619992716,3.6920171527
488,11.4923932714,3.6587781845
489,11.5228609504,3.6261699507
490,11.5534006073,3.5941949057
491,11.5840105301,3.5628554749
492,11.6146889960,3.5321540553
493,11.6454342715,3.5020930150
494,11.6762446132,3.4726746933
495,11.7071182679,3.4439014004
496,11.7380534729,3.4157754174
497,11.7690484563,3.3882989958
498,11.8001014376,3.3614743580
499,11.8312106276,3.3353036967
500,11.8623742290,3.3097891748
501,11.8935904369,3.2849329254
502,11.9248574387,3.2607370516
503,11.9561734147,3.2372036263
504,11.9875365386,3.2143346923
505,12.0189449775,3.1921322616
506,12.0503968922,3.1705983160
507,12.0818904381,3.1497348066
508,12.1134237648,3.1295436532
509,12.1449950169,3.1100267451
510,12.1766023344,3.0911859403
511,12.2082438528,3.0730230653
512,12.2399177033,3.0555399153
513,12.2716220136,3.0387382541
514,12.3033549080,3.0226198135
515,12.3351145077,3.0071862934
516,12.3668989310,2.9924393618
517,12.3987062942,2.9783806545
518,12.4305347113,2.9650117748
519,12.4623822947,2.9523342937
520,12.4942471556,2.9403497493
521,12.5261274039,2.9290596472
522,12.5580211493,2.9184654596
523,12.5899265008,2.9085686260
524,12.6218415677,2.8993705524
525,12.6537644597,2.8908726114
526,12.6856932869,2.8830761418
527,12.7176261611,2.8759824491
528,12.7495611949,2.8695928043
529,12.7814965031,2.8639084448
530,12.8134302025,2.8589305734
531,12.8453604124,2.8546603586
532,12.8772852549,2.8510989344
533,12.9092028552,2.8482474000
534,12.9411113421,2.8461068195
535,12.9730088482,2.8446782223
536,13.0048935104,2.8439626021
537,13.0367634700,2.8439609174
538,13.0686168733,2.8446740913
539,13.1004518717,2.8461030107
540,13.1322666223,2.8482485270
541,13.1640592881,2.8511114551
542,13.1958280383,2.8546925739
543,13.2275710487,2.8589926257
544,13.2592865021,2.8640123163
545,13.2909725886,2.8697523146
546,13.3226275056,2.8762132525
547,13.3542494590,2.8833957247
548,13.3858366625,2.8913002887
549,13.4173873388,2.8999274643
550,13.4488997192,2.9092777339
551,13.4803720445,2.9193515418
552,13.5118025653,2.9301492941
553,13.5431895418,2.9416713591
554,13.5745312447,2.9539180662
555,13.6058259554,2.9668897065
556,13.6370719662,2.9805865322
557,13.6682675804,2.9950087566
558,13.6994111135,3.0101565538
559,13.7305008923,3.0260300585
560,13.7615352563,3.0426293659
561,13.7925125575,3.0599545315
562,13.8234311606,3.0780055709
563,13.8542894439,3.0967824597
564,13.8850857988,3.1162851329
565,13.9158186310,3.1365134855
566,13.9464863601,3.1574673713
567,13.9770874203,3.1791466037
568,14.0076202606,3.2015509549
569,14.0380833452,3.2246801556
570,14.0684751535,3.2485338956
571,14.0987941809,3.2731118225
572,14.1290389387,3.2984135425
573,14.1592079546,3.3244386196
574,14.1892997729,3.3511865757
575,14.2193129550,3.3786568901
576,14.2492460795,3.4068489997
577,14.2790977424,3.4357622985
578,14.3088665577,3.4653961375
579,14.3385511575,3.4957498245
580,14.3681501924,3.5268226241
581,14.3976623316,3.5586137569
582,14.4270862634,3.5911224002
583,14.4564206953,3.6243476870
584,14.4856643546,3.6582887061
585,14.5148159881,3.6929445020
586,14.5438743630,3.7283140747
587,14.5728382669,3.7643963792
588,14.6017065081,3.8011903257
589,14.6304779156,3.8386947791
590,14.6591513399,3.8769085589
591,14.6877256529,3.9158304390
592,14.7161997482,3.9554591476
593,14.7445725416,3.9957933668
594,14.7728429709,4.0368317324
595,14.8010099967,4.0785728341
596,14.8290726021,4.1210152146
597,14.8570297935,4.1641573700
598,14.8848806004,4.2079977493
599,14.9126240760,4.2525347544
600,14.9402592971,4.2977667395
601,14.9677853645,4.3436920115
602,14.9952014034,4.3903088291
603,15.0225065633,4.4376154033
604,15.0497000185,4.4856098966
605,15.0767809684,4.5342904230
606,15.1037486371,4.5836550480
607,15.1306022746,4.6337017883
608,15.1573411561,4.6844286111
609,15.1839645829,4.7358334349
610,15.2104718821,4.7879141282
611,15.2368624072,4.8406685100
612,15.2631355380,4.8940943495
613,15.2892906810,4.9481893657
614,15.3153272695,5.0029512273
615,15.3412447640,5.0583775523
616,15.3670426520,5.1144659083
617,15.3927204485,5.1712138117
618,15.4182776962,5.2286187279
619,15.4437139653,5.2866780709
620,15.4690288542,5.3453892032
621,15.4942219894,5.4047494356
622,15.5192930256,5.4647560267
623,15.5442416460,5.5254061833
624,15.5690675625,5.5866970595
625,15.5937705156,5.6486257570
626,15.6183502750,5.7111893248
627,15.6428066392,5.7743847587
628,15.6671394362,5.8382090015
629,15.6913485232,5.9026589427
630,15.7154337870,5.9677314179
631,15.7393951440,6.0334232093
632,15.7632325404,6.0997310448
633,15.7869459524,6.1666515983
634,15.8105353861,6.2341814892
635,15.8340008778,6.3023172825
636,15.8573424941,6.3710554882
637,15.8805603319,6.4403925615
638,15.9036545187,6.5103249023
639,15.9266252124,6.5808488551
640,15.9494726018,6.6519607091
641,15.9721969062,6.7236566973
642,15.9947983761,6.7959329971
643,16.0172772926,6.8687857297
644,16.0396339680,6.9422109597
645,16.0618687458,7.0162046954
646,16.0839820004,7.0907628884
647,16.1059741377,7.1658814331
648,16.1278455946,7.2415561670
649,16.1495968395,7.3177828704
650,16.1712283724,7.3945572659
651,16.1927407244,7.4718750184
652,16.2141344582,7.5497317351
653,16.2354101682,7.6281229652
654,16.2565684800,7.7070441993
655,16.2776100511,7.7864908701
656,16.2985355706,7.8664583513
657,16.3193457588,7.9469419580
658,16.3400413682,8.0279369462
659,16.3606231825,8.1094385131
660,16.3810920173,8.1914417962
661,16.4014487197,8.2739418737
662,16.4216941685,8.3569337642
663,16.4418292740,8.4404124263
664,16.4618549782,8.5243727587
665,16.4817722545,8.6088096000
666,16.5015821081,8.6937177282
667,16.5212855755,8.7790918611
668,16.5408837248,8.8649266556
669,16.5603776553,8.9512167078
670,16.5797684978,9.0379565530
671,16.5990574144,9.1251406651
672,16.6182455985,9.2127634567
673,16.6373342744,9.3008192791
674,16.6563246979,9.3893024217
675,16.6752181555,9.4782071124
676,16.6940159647,9.5675275169
677,16.7127194739,9.6572577391
678,16.7313300623,9.7473918203
679,16.7498491395,9.8379237397
680,16.7682781458,9.9288474140
681,16.7866185520,10.0201566970
682,16.8048718589,10.1118453798
683,16.8230395978,10.2039071906
684,16.8411233298,10.2963357945
685,16.8591246460,10.3891247934
686,16.8770451673,10.4822677257
687,16.8948865439,10.5757580665
688,16.9126504558,10.6695892273
689,16.9303386122,10.7637545558
690,16.9479527512,10.8582473358
691,16.9654946401,10.9530607872
692,16.9829660747,11.0481880658
693,17.0003688795,11.1436222632
694,17.0177049075,11.2393564068
695,17.0349760396,11.3353834594
696,17.0521841848,11.4316963193
697,17.0693312797,11.5282878203
698,17.0864192888,11.6251507313
699,17.1034502034,11.7222777565
700,17.1204260422,11.8196615350
701,17.1373488506,11.9172946411
702,17.1542207007,12.0151695838
703,17.1710436907,12.1132788071
704,17.1878199449,12.2116146894
705,17.2045516137,12.3101695442
706,17.2212408727,12.4089356190
707,17.2378899228,12.5079050963
708,17.2545009899,12.6070700927
709,17.2710763246,12.7064226593
710,17.2876182018,12.8059547813
711,17.3041289204,12.9056583783
712,17.3206108032,13.0055253040
713,17.3370661962,13.1055473462
714,17.3534974687,13.2057162267
715,17.3699070125,13.3060236014
716,17.3862972421,13.4064610602
717,17.4026705939,13.5070201267
718,17.4190295258,13.6076922586
719,17.4353765175,13.7084688475
720,17.4517140692,13.8093412185
721,17.4680447019,13.9103006309
722,17.4843709569,14.0113382775
723,17.5006953951,14.1124452849
724,17.5170205968,14.2136127136
725,17.5333491615,14.3148315578
726,17.5496837071,14.4160927452
727,17.5660268697,14.5173871375
728,17.5823813031,14.6187055300
729,17.5987496785,14.7200386519
730,17.6151346837,14.8213771660
731,17.6315390232,14.9227116689
732,17.6479654172,15.0240326909
733,17.6644166014,15.1253306965
734,17.6808953264,15.2265960836
735,17.6974043576,15.3278191842
736,17.7139464741,15.4289902642
737,17.7305244686,15.5300995236
738,17.7471411468,15.6311370961
739,17.7637993269,15.7320930498
740,17.7805018390,15.8329573868
741,17.7972515248,15.9337200432
742,17.8140512368,16.0343708898
743,17.8309038376,16.1348997314
744,17.8478121999,16.2352963074
745,17.8647792057,16.3355502914
746,17.8818077452,16.4356512921
747,17.8989007172,16.5355888524
748,17.9160610278,16.6353524503
749,17.9332915897,16.7349314987
750,17.9505953224,16.8343153452
751,17.9679751507,16.9334932728
752,17.9854340047,17.0324544998
753,18.0029748188,17.1311881796
754,18.0206005313,17.2296834015
755,18.0383140835,17.3279291901
756,18.0561184194,17.4259145059
757,18.0740164846,17.5236282455
758,18.0920112263,17.6210592415
759,18.1101055917,17.7181962628
760,18.1283025281,17.8150280147
761,18.1466049820,17.9115431392
762,18.1650158979,18.0077302152
763,18.1835382185,18.1035777583
764,18.2021748832,18.1990742217
765,18.2209288278,18.2942079957
766,18.2398029834,18.3889674084
767,18.2588002761,18.4833407256
768,18.2779236260,18.5773161512
769,18.2971759462,18.6708818274
770,18.3165601427,18.7640258351
771,18.3360791129,18.8567361936
772,18.3557357452,18.9490008615
773,18.3755329182,19.0408077367
774,18.3954734996,19.1321446564
775,18.4155603459,19.2229993980
776,18.4357963010,19.3133596786
777,18.4561841958,19.4032131559
778,18.4767268472,19.4925474284
779,18.4974270572,19.5813500355
780,18.5182876120,19.6696084576
781,18.5393112815,19.7573101173
782,18.5605008177,19.8444423787
783,18.5818589548,19.9309925483
784,18.6033884073,20.0169478754
785,18.6250918698,20.1022955521
786,18.6469720157,20.1870227138
787,18.6690314967,20.2711164398
788,18.6912729412,20.3545637533
789,18.7136989539,20.4373516221
790,18.7363121149,20.5194669589
791,18.7591149783,20.6008966214
792,18.7821100716,20.6816274133
793,18.8052998944,20.7616460842
794,18.8286869177,20.8409393302
795,18.8522735831,20.9194937946
796,18.8760623009,20.9972960677
797,18.9000554503,21.0743326880
798,18.9242553774,21.1505901423
799,18.9486643945,21.2260548659
800,18.9732847794,21.3007132438
801,18.9981187736,21.3745516104
802,19.0231685821,21.4475562506
803,19.0484363716,21.5197134000
804,19.0739242698,21.5910092456
805,19.0996343643,21.6614299259
806,19.1255687013,21.7309615323
807,19.1517292847,21.7995901087
808,19.1781180749,21.8673016528
809,19.2047369876,21.9340821160
810,19.2315878929,21.9999174046
811,19.2586726136,22.0647933801
812,19.2859929250,22.1286958598
813,19.3135505526,22.1916106175
814,19.3413471718,22.2535233839
815,19.3693844062,22.3144198475
816,19.3976638269,22.3742856553
817,19.4261869507,22.4331064131
818,19.4549552393,22.4908676863
819,19.4839700978,22.5475550009
820,19.5132328739,22.6031538437
821,19.5427448561,22.6576496635
822,19.5725072728,22.7110278712
823,19.6025212910,22.7632738411
824,19.6327880149,22.8143729113
825,19.6633084848,22.8643103846
826,19.6940836755,22.9130715292
827,19.7251144953,22.9606415795
828,19.7564017847,23.0070057367
829,19.7879463148,23.0521491699
830,19.8197487860,23.0960570168
831,19.8518098271,23.1387143842
832,19.8841299933,23.1801063494
833,19.9167097653,23.2202179605
834,19.9495495478,23.2590342377
835,19.9826496680,23.2965401740
836,20.0160103745,23.3327207356
837,20.0496318353,23.3675608639
838,20.0835141372,23.4010454752
839,20.1176572838,23.4331594624
840,20.1520611941,23.4638876957
841,20.1867257013,23.4932150236
842,20.2216505512,23.5211262735
843,20.2568354009,23.5476062534
844,20.2922798167,23.5726397521
845,20.3279832738,23.5962115408
846,20.3639451534,23.6183063738
847,20.4001647424,23.6389089895
848,20.4366412312,23.6580041117
849,20.4733737122,23.6755764504
850,20.5103611786,23.6916107031
851,20.5476025227,23.7060915556
852,20.5850965341,23.7190036834
853,20.6228418986,23.7303317524
854,20.6608371960,23.7400604207
855,20.6990808993,23.7481743391
856,20.7375713724,23.7546581524
857,20.7763068688,23.7594965009
858,20.8152855300,23.7626740213
859,20.8545053838,23.7641753480
860,20.8939643427,23.7639851140
861,20.9336602022,23.7620879528
862,20.9735906391,23.7584684992
863,21.0137532100,23.7531113903
864,21.0541453496,23.7460012676
865,21.0947643686,23.7371227774
866,21.1356074526,23.7264605729
867,21.1766716601,23.7139993148
868,21.2179539206,23.6997236733
869,21.2594510332,23.6836183291
870,21.3011596646,23.6656679747
871,21.3430763476,23.6458573160
872,21.3851974791,23.6241710739
873,21.4275193184,23.6005939852
874,21.4700379854,23.5751108044
875,21.5127494588,23.5477063053
876,21.5556495745,23.5183652820
877,21.5987340235,23.4870725508
878,21.6419983500,23.4538129518
879,21.6854379500,23.4185713499
880,21.7290480692,23.3813326368
881,21.7728238008,23.3420817326
882,21.8167600843,23.3008035872
883,21.8608517031,23.2574831818
884,21.9050932829,23.2121055308
885,21.9494792895,23.1646556834
886,21.9940040273,23.1151187249
887,22.0386616369,23.0634797791
888,22.0834460937,23.0097240091
889,22.1283512055,22.9538366199
890,22.1733706107,22.8958028594
891,22.2184977764,22.8356080206
892,22.2637259964,22.7732374433
893,22.3090483891,22.7086765159
894,22.3544578957,22.6419106770
895,22.3999472781,22.5729254175
896,22.4455091166,22.5017062824
897,22.4911358085,22.4282388725
898,22.5368195655,22.3525088465
899,22.5825524118,22.2745019230
900,22.6283261824,22.1942038821
901,22.6741325202,22.1116005675
902,22.7199628750,22.0266778887
903,22.7658085004,21.9394218227
904,22.8116604523,21.8498184161
905,22.8575095868,21.7578537873
906,22.9033465575,21.6635141284
907,22.9491618142,21.5667857072
908,22.9949456001,21.4676548697
909,23.0406879498,21.3661080417
910,23.0863786873,21.2621317313
911,23.1320074239,21.1557125310
912,23.1775635554,21.0468371199
913,23.2230362607,20.9354922658
914,23.2684144992,20.8216648276
915,23.3136870083,20.7053417574
916,23.3588423019,20.5865101029
917,23.4038686675,20.4651570099
918,23.4487541642,20.3412697240
919,23.4934866204,20.2148355937
920,23.5380536316,20.0858420723
921,23.5824425582,19.9542767204
922,23.6266405228,19.8201272085
923,23.6706344083,19.6833813191
924,23.7144108556,19.5440269495
925,23.7579562609,19.4020521143
926,23.8012567737,19.2574449475
927,23.8442982943,19.1101937056
928,23.8870664716,18.9602867698
929,23.9295467006,18.8077126487
930,23.9717241199,18.6524599809
931,24.0135836095,18.4945175377
932,24.0551097886,18.3338742257
933,24.0962870127,18.1705190896
934,24.1370993715,18.0044413147
935,24.1775306863,17.8356302299
936,24.2175645078,17.6640753103
937,24.2571841135,17.4897661802
938,24.2963725052,17.3126926156
939,24.3351124065,17.1328445473
940,24.3733862605,16.9502120637
941,24.4111762272,16.7647854138
942,24.4484641809,16.5765550098
943,24.4852317078,16.3855114305
944,24.5214601036,16.1916454241
945,24.5571303705,15.9949479111
946,24.5922232153,15.7954099874
947,24.6267190463,15.5930229274
948,24.6605979711,15.3877781872
949,24.6938397938,15.1796674075
950,24.7264240125,14.9686824170
951,24.7583298167,14.7548152351
952,24.7895360845,14.5380580759
953,24.8200213805,14.3184033507
954,24.8497639527,14.0958436715
955,24.8787417298,13.8703718545
956,24.9069323190,13.6419809233
957,24.9343130030,13.4106641120
958,24.9608607375,13.1764148690
959,24.9865521482,12.9392268600
960,25.0113635286,12.6990939719
961,25.0352708369,12.4560103157
962,25.0582496937,12.2099702307
963,25.0802753786,11.9609682872
964,25.1013228282,11.7089992910
965,25.1213666330,11.4540582861
966,25.1403810347,11.1961405589
967,25.1583399233,10.9352416417
968,25.1752168347,10.6713573164
969,25.1909849474,10.4044836181
970,25.2056170803,10.1346168389
971,25.2190856894,9.8617535318
972,25.2313628652,9.5858905144
973,25.2424203299,9.3070248728
974,25.2522294346,9.0251539655
975,25.2607611563,8.7402754272
976,25.2679860950,8.4523871727
977,25.2738744713,8.1614874012
978,25.2783961230,7.8675745999
979,25.2815205025,7.5706475484
980,25.2832166737,7.2707053224
981,25.2834533094,6.9677472984
982,25.2821986882,6.6617731569
983,25.2794206914,6.3527828877
984,25.2750868006,6.0407767932
985,25.2691640942,5.7257554930
986,25.2616192448,5.4077199285
987,25.2524185160,5.0866713666
988,25.2415277597,4.7626114043
989,25.2289124129,4.4355419733
990,25.2145374948,4.1054653444
991,25.1983676037,3.7723841313
992,25.1803669143,3.4363012962
993,25.1604991744,3.0972201532
994,25.1387277017,2.7551443739
995,25.1150153813,2.4100779910
996,25.0893246622,2.0620254038
997,25.0616175545,1.7109913824
998,25.0318556262,1.3569810724
999,25.0000000000,1.0000000000
